Workbook

Sheet Исходные данные
A1: Дата | B1: Время | C1: № интервала | D1: Значение | H1: Дата | I1: Время | J1: № интервала | K1: Значение | O1: Дата | P1: Время | Q1: № интервала | R1: Значение
A2: 42736 | B2: 0.020833333 | C2: 1 | D2: =[1]Лист1!$D2+[2]Лист1!$D2+[3]Лист1!$D2+[4]Лист1!$D2+[5]Лист1!$D2+[6]Лист1!$D2 -> 94.35 | H2: 43101 | I2: 0.020833333 | J2: 1 | K2: =[1]Лист1!$J2+[2]Лист1!$J2+[3]Лист1!$J2+[4]Лист1!$J2+[5]Лист1!$J2+[6]Лист1!$J2 -> 98.24 | O2: 43466 | P2: 0.020833333 | Q2: 1 | R2: =[1]Лист1!$P2+[2]Лист1!$P2+[3]Лист1!$P2+[4]Лист1!$P2+[5]Лист1!$P2+[6]Лист1!$P2 -> 90.39
A3: 42736 | B3: 0.041666667 | C3: 2 | D3: =[1]Лист1!$D3+[2]Лист1!$D3+[3]Лист1!$D3+[4]Лист1!$D3+[5]Лист1!$D3+[6]Лист1!$D3 -> 88.63 | H3: 43101 | I3: 0.041666667 | J3: 2 | K3: =[1]Лист1!$J3+[2]Лист1!$J3+[3]Лист1!$J3+[4]Лист1!$J3+[5]Лист1!$J3+[6]Лист1!$J3 -> 92.36 | O3: 43466 | P3: 0.041666667 | Q3: 2 | R3: =[1]Лист1!$P3+[2]Лист1!$P3+[3]Лист1!$P3+[4]Лист1!$P3+[5]Лист1!$P3+[6]Лист1!$P3 -> 86.52
A4: 42736 | B4: 0.0625 | C4: 3 | D4: =[1]Лист1!$D4+[2]Лист1!$D4+[3]Лист1!$D4+[4]Лист1!$D4+[5]Лист1!$D4+[6]Лист1!$D4 -> 83.33 | H4: 43101 | I4: 0.0625 | J4: 3 | K4: =[1]Лист1!$J4+[2]Лист1!$J4+[3]Лист1!$J4+[4]Лист1!$J4+[5]Лист1!$J4+[6]Лист1!$J4 -> 92.27 | O4: 43466 | P4: 0.0625 | Q4: 3 | R4: =[1]Лист1!$P4+[2]Лист1!$P4+[3]Лист1!$P4+[4]Лист1!$P4+[5]Лист1!$P4+[6]Лист1!$P4 -> 84.02
A5: 42736 | B5: 0.083333333 | C5: 4 | D5: =[1]Лист1!$D5+[2]Лист1!$D5+[3]Лист1!$D5+[4]Лист1!$D5+[5]Лист1!$D5+[6]Лист1!$D5 -> 80.59 | H5: 43101 | I5: 0.083333333 | J5: 4 | K5: =[1]Лист1!$J5+[2]Лист1!$J5+[3]Лист1!$J5+[4]Лист1!$J5+[5]Лист1!$J5+[6]Лист1!$J5 -> 83.44 | O5: 43466 | P5: 0.083333333 | Q5: 4 | R5: =[1]Лист1!$P5+[2]Лист1!$P5+[3]Лист1!$P5+[4]Лист1!$P5+[5]Лист1!$P5+[6]Лист1!$P5 -> 80.83
A6: 42736 | B6: 0.10416667 | C6: 5 | D6: =[1]Лист1!$D6+[2]Лист1!$D6+[3]Лист1!$D6+[4]Лист1!$D6+[5]Лист1!$D6+[6]Лист1!$D6 -> 71.4 | H6: 43101 | I6: 0.10416667 | J6: 5 | K6: =[1]Лист1!$J6+[2]Лист1!$J6+[3]Лист1!$J6+[4]Лист1!$J6+[5]Лист1!$J6+[6]Лист1!$J6 -> 74.45 | O6: 43466 | P6: 0.10416667 | Q6: 5 | R6: =[1]Лист1!$P6+[2]Лист1!$P6+[3]Лист1!$P6+[4]Лист1!$P6+[5]Лист1!$P6+[6]Лист1!$P6 -> 75.76
A7: 42736 | B7: 0.125 | C7: 6 | D7: =[1]Лист1!$D7+[2]Лист1!$D7+[3]Лист1!$D7+[4]Лист1!$D7+[5]Лист1!$D7+[6]Лист1!$D7 -> 67.87 | H7: 43101 | I7: 0.125 | J7: 6 | K7: =[1]Лист1!$J7+[2]Лист1!$J7+[3]Лист1!$J7+[4]Лист1!$J7+[5]Лист1!$J7+[6]Лист1!$J7 -> 72.37 | O7: 43466 | P7: 0.125 | Q7: 6 | R7: =[1]Лист1!$P7+[2]Лист1!$P7+[3]Лист1!$P7+[4]Лист1!$P7+[5]Лист1!$P7+[6]Лист1!$P7 -> 69.8
A8: 42736 | B8: 0.14583333 | C8: 7 | D8: =[1]Лист1!$D8+[2]Лист1!$D8+[3]Лист1!$D8+[4]Лист1!$D8+[5]Лист1!$D8+[6]Лист1!$D8 -> 61.7 | H8: 43101 | I8: 0.14583333 | J8: 7 | K8: =[1]Лист1!$J8+[2]Лист1!$J8+[3]Лист1!$J8+[4]Лист1!$J8+[5]Лист1!$J8+[6]Лист1!$J8 -> 67.48 | O8: 43466 | P8: 0.14583333 | Q8: 7 | R8: =[1]Лист1!$P8+[2]Лист1!$P8+[3]Лист1!$P8+[4]Лист1!$P8+[5]Лист1!$P8+[6]Лист1!$P8 -> 66.95
A9: 42736 | B9: 0.16666667 | C9: 8 | D9: =[1]Лист1!$D9+[2]Лист1!$D9+[3]Лист1!$D9+[4]Лист1!$D9+[5]Лист1!$D9+[6]Лист1!$D9 -> 59.79 | H9: 43101 | I9: 0.16666667 | J9: 8 | K9: =[1]Лист1!$J9+[2]Лист1!$J9+[3]Лист1!$J9+[4]Лист1!$J9+[5]Лист1!$J9+[6]Лист1!$J9 -> 61.48 | O9: 43466 | P9: 0.16666667 | Q9: 8 | R9: =[1]Лист1!$P9+[2]Лист1!$P9+[3]Лист1!$P9+[4]Лист1!$P9+[5]Лист1!$P9+[6]Лист1!$P9 -> 61.71
A10: 42736 | B10: 0.1875 | C10: 9 | D10: =[1]Лист1!$D10+[2]Лист1!$D10+[3]Лист1!$D10+[4]Лист1!$D10+[5]Лист1!$D10+[6]Лист1!$D10 -> 53.73 | H10: 43101 | I10: 0.1875 | J10: 9 | K10: =[1]Лист1!$J10+[2]Лист1!$J10+[3]Лист1!$J10+[4]Лист1!$J10+[5]Лист1!$J10+[6]Лист1!$J10 -> 58.6 | O10: 43466 | P10: 0.1875 | Q10: 9 | R10: =[1]Лист1!$P10+[2]Лист1!$P10+[3]Лист1!$P10+[4]Лист1!$P10+[5]Лист1!$P10+[6]Лист1!$P10 -> 59.12
A11: 42736 | B11: 0.20833333 | C11: 10 | D11: =[1]Лист1!$D11+[2]Лист1!$D11+[3]Лист1!$D11+[4]Лист1!$D11+[5]Лист1!$D11+[6]Лист1!$D11 -> 51.14 | H11: 43101 | I11: 0.20833333 | J11: 10 | K11: =[1]Лист1!$J11+[2]Лист1!$J11+[3]Лист1!$J11+[4]Лист1!$J11+[5]Лист1!$J11+[6]Лист1!$J11 -> 57.61 | O11: 43466 | P11: 0.20833333 | Q11: 10 | R11: =[1]Лист1!$P11+[2]Лист1!$P11+[3]Лист1!$P11+[4]Лист1!$P11+[5]Лист1!$P11+[6]Лист1!$P11 -> 55.61
A12: 42736 | B12: 0.22916667 | C12: 11 | D12: =[1]Лист1!$D12+[2]Лист1!$D12+[3]Лист1!$D12+[4]Лист1!$D12+[5]Лист1!$D12+[6]Лист1!$D12 -> 49.49 | H12: 43101 | I12: 0.22916667 | J12: 11 | K12: =[1]Лист1!$J12+[2]Лист1!$J12+[3]Лист1!$J12+[4]Лист1!$J12+[5]Лист1!$J12+[6]Лист1!$J12 -> 55.1 | O12: 43466 | P12: 0.22916667 | Q12: 11 | R12: =[1]Лист1!$P12+[2]Лист1!$P12+[3]Лист1!$P12+[4]Лист1!$P12+[5]Лист1!$P12+[6]Лист1!$P12 -> 52.84
A13: 42736 | B13: 0.25 | C13: 12 | D13: =[1]Лист1!$D13+[2]Лист1!$D13+[3]Лист1!$D13+[4]Лист1!$D13+[5]Лист1!$D13+[6]Лист1!$D13 -> 48.71 | H13: 43101 | I13: 0.25 | J13: 12 | K13: =[1]Лист1!$J13+[2]Лист1!$J13+[3]Лист1!$J13+[4]Лист1!$J13+[5]Лист1!$J13+[6]Лист1!$J13 -> 53.36 | O13: 43466 | P13: 0.25 | Q13: 12 | R13: =[1]Лист1!$P13+[2]Лист1!$P13+[3]Лист1!$P13+[4]Лист1!$P13+[5]Лист1!$P13+[6]Лист1!$P13 -> 51.95
... A48: 42736 | B48: 0.97916667 | C48: 47 | D48: =[1]Лист1!$D48+[2]Лист1!$D48+[3]Лист1!$D48+[4]Лист1!$D48+[5]Лист1!$D48+[6]Лист1!$D48 -> 99.56 | H48: 43101 | I48: 0.97916667 | J48: 47 | K48: =[1]Лист1!$J48+[2]Лист1!$J48+[3]Лист1!$J48+[4]Лист1!$J48+[5]Лист1!$J48+[6]Лист1!$J48 -> 98.25 | O48: 43466 | P48: 0.97916667 | Q48: 47 | R48: =[1]Лист1!$P48+[2]Лист1!$P48+[3]Лист1!$P48+[4]Лист1!$P48+[5]Лист1!$P48+[6]Лист1!$P48 -> 91.04
A49: 42736 | B49: 24:00 | C49: 48 | D49: =[1]Лист1!$D49+[2]Лист1!$D49+[3]Лист1!$D49+[4]Лист1!$D49+[5]Лист1!$D49+[6]Лист1!$D49 -> 90.95 | H49: 43101 | I49: 24:00 | J49: 48 | K49: =[1]Лист1!$J49+[2]Лист1!$J49+[3]Лист1!$J49+[4]Лист1!$J49+[5]Лист1!$J49+[6]Лист1!$J49 -> 93.84 | O49: 43466 | P49: 24:00 | Q49: 48 | R49: =[1]Лист1!$P49+[2]Лист1!$P49+[3]Лист1!$P49+[4]Лист1!$P49+[5]Лист1!$P49+[6]Лист1!$P49 -> 83.2
A50: 42737 | B50: 0.020833333 | C50: 1 | D50: =[1]Лист1!$D50+[2]Лист1!$D50+[3]Лист1!$D50+[4]Лист1!$D50+[5]Лист1!$D50+[6]Лист1!$D50 -> 84.54 | H50: 43102 | I50: 0.020833333 | J50: 1 | K50: =[1]Лист1!$J50+[2]Лист1!$J50+[3]Лист1!$J50+[4]Лист1!$J50+[5]Лист1!$J50+[6]Лист1!$J50 -> 86.32 | O50: 43467 | P50: 0.020833333 | Q50: 1 | R50: =[1]Лист1!$P50+[2]Лист1!$P50+[3]Лист1!$P50+[4]Лист1!$P50+[5]Лист1!$P50+[6]Лист1!$P50 -> 77.82
A51: 42737 | B51: 0.041666667 | C51: 2 | D51: =[1]Лист1!$D51+[2]Лист1!$D51+[3]Лист1!$D51+[4]Лист1!$D51+[5]Лист1!$D51+[6]Лист1!$D51 -> 76.55 | H51: 43102 | I51: 0.041666667 | J51: 2 | K51: =[1]Лист1!$J51+[2]Лист1!$J51+[3]Лист1!$J51+[4]Лист1!$J51+[5]Лист1!$J51+[6]Лист1!$J51 -> 77.57 | O51: 43467 | P51: 0.041666667 | Q51: 2 | R51: =[1]Лист1!$P51+[2]Лист1!$P51+[3]Лист1!$P51+[4]Лист1!$P51+[5]Лист1!$P51+[6]Лист1!$P51 -> 69.5
A52: 42737 | B52: 0.0625 | C52: 3 | D52: =[1]Лист1!$D52+[2]Лист1!$D52+[3]Лист1!$D52+[4]Лист1!$D52+[5]Лист1!$D52+[6]Лист1!$D52 -> 69.49 | H52: 43102 | I52: 0.0625 | J52: 3 | K52: =[1]Лист1!$J52+[2]Лист1!$J52+[3]Лист1!$J52+[4]Лист1!$J52+[5]Лист1!$J52+[6]Лист1!$J52 -> 69.29 | O52: 43467 | P52: 0.0625 | Q52: 3 | R52: =[1]Лист1!$P52+[2]Лист1!$P52+[3]Лист1!$P52+[4]Лист1!$P52+[5]Лист1!$P52+[6]Лист1!$P52 -> 66
A53: 42737 | B53: 0.083333333 | C53: 4 | D53: =[1]Лист1!$D53+[2]Лист1!$D53+[3]Лист1!$D53+[4]Лист1!$D53+[5]Лист1!$D53+[6]Лист1!$D53 -> 60.13 | H53: 43102 | I53: 0.083333333 | J53: 4 | K53: =[1]Лист1!$J53+[2]Лист1!$J53+[3]Лист1!$J53+[4]Лист1!$J53+[5]Лист1!$J53+[6]Лист1!$J53 -> 64.85 | O53: 43467 | P53: 0.083333333 | Q53: 4 | R53: =[1]Лист1!$P53+[2]Лист1!$P53+[3]Лист1!$P53+[4]Лист1!$P53+[5]Лист1!$P53+[6]Лист1!$P53 -> 62.73
A54: 42737 | B54: 0.10416667 | C54: 5 | D54: =[1]Лист1!$D54+[2]Лист1!$D54+[3]Лист1!$D54+[4]Лист1!$D54+[5]Лист1!$D54+[6]Лист1!$D54 -> 56.43 | H54: 43102 | I54: 0.10416667 | J54: 5 | K54: =[1]Лист1!$J54+[2]Лист1!$J54+[3]Лист1!$J54+[4]Лист1!$J54+[5]Лист1!$J54+[6]Лист1!$J54 -> 58.07 | O54: 43467 | P54: 0.10416667 | Q54: 5 | R54: =[1]Лист1!$P54+[2]Лист1!$P54+[3]Лист1!$P54+[4]Лист1!$P54+[5]Лист1!$P54+[6]Лист1!$P54 -> 55.89
A55: 42737 | B55: 0.125 | C55: 6 | D55: =[1]Лист1!$D55+[2]Лист1!$D55+[3]Лист1!$D55+[4]Лист1!$D55+[5]Лист1!$D55+[6]Лист1!$D55 -> 50.63 | H55: 43102 | I55: 0.125 | J55: 6 | K55: =[1]Лист1!$J55+[2]Лист1!$J55+[3]Лист1!$J55+[4]Лист1!$J55+[5]Лист1!$J55+[6]Лист1!$J55 -> 53.75 | O55: 43467 | P55: 0.125 | Q55: 6 | R55: =[1]Лист1!$P55+[2]Лист1!$P55+[3]Лист1!$P55+[4]Лист1!$P55+[5]Лист1!$P55+[6]Лист1!$P55 -> 54.23
A56: 42737 | B56: 0.14583333 | C56: 7 | D56: =[1]Лист1!$D56+[2]Лист1!$D56+[3]Лист1!$D56+[4]Лист1!$D56+[5]Лист1!$D56+[6]Лист1!$D56 -> 48.85 | H56: 43102 | I56: 0.14583333 | J56: 7 | K56: =[1]Лист1!$J56+[2]Лист1!$J56+[3]Лист1!$J56+[4]Лист1!$J56+[5]Лист1!$J56+[6]Лист1!$J56 -> 50.57 | O56: 43467 | P56: 0.14583333 | Q56: 7 | R56: =[1]Лист1!$P56+[2]Лист1!$P56+[3]Лист1!$P56+[4]Лист1!$P56+[5]Лист1!$P56+[6]Лист1!$P56 -> 51.63
A57: 42737 | B57: 0.16666667 | C57: 8 | D57: =[1]Лист1!$D57+[2]Лист1!$D57+[3]Лист1!$D57+[4]Лист1!$D57+[5]Лист1!$D57+[6]Лист1!$D57 -> 47.37 | H57: 43102 | I57: 0.16666667 | J57: 8 | K57: =[1]Лист1!$J57+[2]Лист1!$J57+[3]Лист1!$J57+[4]Лист1!$J57+[5]Лист1!$J57+[6]Лист1!$J57 -> 46.95 | O57: 43467 | P57: 0.16666667 | Q57: 8 | R57: =[1]Лист1!$P57+[2]Лист1!$P57+[3]Лист1!$P57+[4]Лист1!$P57+[5]Лист1!$P57+[6]Лист1!$P57 -> 50.8
A58: 42737 | B58: 0.1875 | C58: 9 | D58: =[1]Лист1!$D58+[2]Лист1!$D58+[3]Лист1!$D58+[4]Лист1!$D58+[5]Лист1!$D58+[6]Лист1!$D58 -> 46.05 | H58: 43102 | I58: 0.1875 | J58: 9 | K58: =[1]Лист1!$J58+[2]Лист1!$J58+[3]Лист1!$J58+[4]Лист1!$J58+[5]Лист1!$J58+[6]Лист1!$J58 -> 46.33 | O58: 43467 | P58: 0.1875 | Q58: 9 | R58: =[1]Лист1!$P58+[2]Лист1!$P58+[3]Лист1!$P58+[4]Лист1!$P58+[5]Лист1!$P58+[6]Лист1!$P58 -> 51.37
A59: 42737 | B59: 0.20833333 | C59: 10 | D59: =[1]Лист1!$D59+[2]Лист1!$D59+[3]Лист1!$D59+[4]Лист1!$D59+[5]Лист1!$D59+[6]Лист1!$D59 -> 45.18 | H59: 43102 | I59: 0.20833333 | J59: 10 | K59: =[1]Лист1!$J59+[2]Лист1!$J59+[3]Лист1!$J59+[4]Лист1!$J59+[5]Лист1!$J59+[6]Лист1!$J59 -> 46.83 | O59: 43467 | P59: 0.20833333 | Q59: 10 | R59: =[1]Лист1!$P59+[2]Лист1!$P59+[3]Лист1!$P59+[4]Лист1!$P59+[5]Лист1!$P59+[6]Лист1!$P59 -> 49.8
A60: 42737 | B60: 0.22916667 | C60: 11 | D60: =[1]Лист1!$D60+[2]Лист1!$D60+[3]Лист1!$D60+[4]Лист1!$D60+[5]Лист1!$D60+[6]Лист1!$D60 -> 45.67 | H60: 43102 | I60: 0.22916667 | J60: 11 | K60: =[1]Лист1!$J60+[2]Лист1!$J60+[3]Лист1!$J60+[4]Лист1!$J60+[5]Лист1!$J60+[6]Лист1!$J60 -> 47.76 | O60: 43467 | P60: 0.22916667 | Q60: 11 | R60: =[1]Лист1!$P60+[2]Лист1!$P60+[3]Лист1!$P60+[4]Лист1!$P60+[5]Лист1!$P60+[6]Лист1!$P60 -> 51.07
A61: 42737 | B61: 0.25 | C61: 12 | D61: =[1]Лист1!$D61+[2]Лист1!$D61+[3]Лист1!$D61+[4]Лист1!$D61+[5]Лист1!$D61+[6]Лист1!$D61 -> 46.64 | H61: 43102 | I61: 0.25 | J61: 12 | K61: =[1]Лист1!$J61+[2]Лист1!$J61+[3]Лист1!$J61+[4]Лист1!$J61+[5]Лист1!$J61+[6]Лист1!$J61 -> 46.69 | O61: 43467 | P61: 0.25 | Q61: 12 | R61: =[1]Лист1!$P61+[2]Лист1!$P61+[3]Лист1!$P61+[4]Лист1!$P61+[5]Лист1!$P61+[6]Лист1!$P61 -> 52.75
... A96: 42737 | B96: 0.97916667 | C96: 47 | D96: =[1]Лист1!$D96+[2]Лист1!$D96+[3]Лист1!$D96+[4]Лист1!$D96+[5]Лист1!$D96+[6]Лист1!$D96 -> 95.41 | H96: 43102 | I96: 0.97916667 | J96: 47 | K96: =[1]Лист1!$J96+[2]Лист1!$J96+[3]Лист1!$J96+[4]Лист1!$J96+[5]Лист1!$J96+[6]Лист1!$J96 -> 95.27 | O96: 43467 | P96: 0.97916667 | Q96: 47 | R96: =[1]Лист1!$P96+[2]Лист1!$P96+[3]Лист1!$P96+[4]Лист1!$P96+[5]Лист1!$P96+[6]Лист1!$P96 -> 91
A97: 42737 | B97: 24:00 | C97: 48 | D97: =[1]Лист1!$D97+[2]Лист1!$D97+[3]Лист1!$D97+[4]Лист1!$D97+[5]Лист1!$D97+[6]Лист1!$D97 -> 82.94 | H97: 43102 | I97: 24:00 | J97: 48 | K97: =[1]Лист1!$J97+[2]Лист1!$J97+[3]Лист1!$J97+[4]Лист1!$J97+[5]Лист1!$J97+[6]Лист1!$J97 -> 88.07 | O97: 43467 | P97: 24:00 | Q97: 48 | R97: =[1]Лист1!$P97+[2]Лист1!$P97+[3]Лист1!$P97+[4]Лист1!$P97+[5]Лист1!$P97+[6]Лист1!$P97 -> 84.5
A98: 42738 | B98: 0.020833333 | C98: 1 | D98: =[1]Лист1!$D98+[2]Лист1!$D98+[3]Лист1!$D98+[4]Лист1!$D98+[5]Лист1!$D98+[6]Лист1!$D98 -> 81.23 | H98: 43103 | I98: 0.020833333 | J98: 1 | K98: =[1]Лист1!$J98+[2]Лист1!$J98+[3]Лист1!$J98+[4]Лист1!$J98+[5]Лист1!$J98+[6]Лист1!$J98 -> 82.04 | O98: 43468 | P98: 0.020833333 | Q98: 1 | R98: =[1]Лист1!$P98+[2]Лист1!$P98+[3]Лист1!$P98+[4]Лист1!$P98+[5]Лист1!$P98+[6]Лист1!$P98 -> 78.13
A99: 42738 | B99: 0.041666667 | C99: 2 | D99: =[1]Лист1!$D99+[2]Лист1!$D99+[3]Лист1!$D99+[4]Лист1!$D99+[5]Лист1!$D99+[6]Лист1!$D99 -> 72.98 | H99: 43103 | I99: 0.041666667 | J99: 2 | K99: =[1]Лист1!$J99+[2]Лист1!$J99+[3]Лист1!$J99+[4]Лист1!$J99+[5]Лист1!$J99+[6]Лист1!$J99 -> 77.68 | O99: 43468 | P99: 0.041666667 | Q99: 2 | R99: =[1]Лист1!$P99+[2]Лист1!$P99+[3]Лист1!$P99+[4]Лист1!$P99+[5]Лист1!$P99+[6]Лист1!$P99 -> 72.84
A100: 42738 | B100: 0.0625 | C100: 3 | D100: =[1]Лист1!$D100+[2]Лист1!$D100+[3]Лист1!$D100+[4]Лист1!$D100+[5]Лист1!$D100+[6]Лист1!$D100 -> 67.47 | H100: 43103 | I100: 0.0625 | J100: 3 | K100: =[1]Лист1!$J100+[2]Лист1!$J100+[3]Лист1!$J100+[4]Лист1!$J100+[5]Лист1!$J100+[6]Лист1!$J100 -> 69.37 | O100: 43468 | P100: 0.0625 | Q100: 3 | R100: =[1]Лист1!$P100+[2]Лист1!$P100+[3]Лист1!$P100+[4]Лист1!$P100+[5]Лист1!$P100+[6]Лист1!$P100 -> 67.4
A101: 42738 | B101: 0.083333333 | C101: 4 | D101: =[1]Лист1!$D101+[2]Лист1!$D101+[3]Лист1!$D101+[4]Лист1!$D101+[5]Лист1!$D101+[6]Лист1!$D101 -> 59.1 | H101: 43103 | I101: 0.083333333 | J101: 4 | K101: =[1]Лист1!$J101+[2]Лист1!$J101+[3]Лист1!$J101+[4]Лист1!$J101+[5]Лист1!$J101+[6]Лист1!$J101 -> 64.84 | O101: 43468 | P101: 0.083333333 | Q101: 4 | R101: =[1]Лист1!$P101+[2]Лист1!$P101+[3]Лист1!$P101+[4]Лист1!$P101+[5]Лист1!$P101+[6]Лист1!$P101 -> 64.53
A102: 42738 | B102: 0.10416667 | C102: 5 | D102: =[1]Лист1!$D102+[2]Лист1!$D102+[3]Лист1!$D102+[4]Лист1!$D102+[5]Лист1!$D102+[6]Лист1!$D102 -> 55.32 | H102: 43103 | I102: 0.10416667 | J102: 5 | K102: =[1]Лист1!$J102+[2]Лист1!$J102+[3]Лист1!$J102+[4]Лист1!$J102+[5]Лист1!$J102+[6]Лист1!$J102 -> 57.27 | O102: 43468 | P102: 0.10416667 | Q102: 5 | R102: =[1]Лист1!$P102+[2]Лист1!$P102+[3]Лист1!$P102+[4]Лист1!$P102+[5]Лист1!$P102+[6]Лист1!$P102 -> 59.58
A103: 42738 | B103: 0.125 | C103: 6 | D103: =[1]Лист1!$D103+[2]Лист1!$D103+[3]Лист1!$D103+[4]Лист1!$D103+[5]Лист1!$D103+[6]Лист1!$D103 -> 51.66 | H103: 43103 | I103: 0.125 | J103: 6 | K103: =[1]Лист1!$J103+[2]Лист1!$J103+[3]Лист1!$J103+[4]Лист1!$J103+[5]Лист1!$J103+[6]Лист1!$J103 -> 54.31 | O103: 43468 | P103: 0.125 | Q103: 6 | R103: =[1]Лист1!$P103+[2]Лист1!$P103+[3]Лист1!$P103+[4]Лист1!$P103+[5]Лист1!$P103+[6]Лист1!$P103 -> 55.2
A104: 42738 | B104: 0.14583333 | C104: 7 | D104: =[1]Лист1!$D104+[2]Лист1!$D104+[3]Лист1!$D104+[4]Лист1!$D104+[5]Лист1!$D104+[6]Лист1!$D104 -> 52.56 | H104: 43103 | I104: 0.14583333 | J104: 7 | K104: =[1]Лист1!$J104+[2]Лист1!$J104+[3]Лист1!$J104+[4]Лист1!$J104+[5]Лист1!$J104+[6]Лист1!$J104 -> 48.29 | O104: 43468 | P104: 0.14583333 | Q104: 7 | R104: =[1]Лист1!$P104+[2]Лист1!$P104+[3]Лист1!$P104+[4]Лист1!$P104+[5]Лист1!$P104+[6]Лист1!$P104 -> 54.53
A105: 42738 | B105: 0.16666667 | C105: 8 | D105: =[1]Лист1!$D105+[2]Лист1!$D105+[3]Лист1!$D105+[4]Лист1!$D105+[5]Лист1!$D105+[6]Лист1!$D105 -> 47.95 | H105: 43103 | I105: 0.16666667 | J105: 8 | K105: =[1]Лист1!$J105+[2]Лист1!$J105+[3]Лист1!$J105+[4]Лист1!$J105+[5]Лист1!$J105+[6]Лист1!$J105 -> 48.55 | O105: 43468 | P105: 0.16666667 | Q105: 8 | R105: =[1]Лист1!$P105+[2]Лист1!$P105+[3]Лист1!$P105+[4]Лист1!$P105+[5]Лист1!$P105+[6]Лист1!$P105 -> 52.44
A106: 42738 | B106: 0.1875 | C106: 9 | D106: =[1]Лист1!$D106+[2]Лист1!$D106+[3]Лист1!$D106+[4]Лист1!$D106+[5]Лист1!$D106+[6]Лист1!$D106 -> 47.38 | H106: 43103 | I106: 0.1875 | J106: 9 | K106: =[1]Лист1!$J106+[2]Лист1!$J106+[3]Лист1!$J106+[4]Лист1!$J106+[5]Лист1!$J106+[6]Лист1!$J106 -> 47.16 | O106: 43468 | P106: 0.1875 | Q106: 9 | R106: =[1]Лист1!$P106+[2]Лист1!$P106+[3]Лист1!$P106+[4]Лист1!$P106+[5]Лист1!$P106+[6]Лист1!$P106 -> 52.51
A107: 42738 | B107: 0.20833333 | C107: 10 | D107: =[1]Лист1!$D107+[2]Лист1!$D107+[3]Лист1!$D107+[4]Лист1!$D107+[5]Лист1!$D107+[6]Лист1!$D107 -> 49.83 | H107: 43103 | I107: 0.20833333 | J107: 10 | K107: =[1]Лист1!$J107+[2]Лист1!$J107+[3]Лист1!$J107+[4]Лист1!$J107+[5]Лист1!$J107+[6]Лист1!$J107 -> 48.96 | O107: 43468 | P107: 0.20833333 | Q107: 10 | R107: =[1]Лист1!$P107+[2]Лист1!$P107+[3]Лист1!$P107+[4]Лист1!$P107+[5]Лист1!$P107+[6]Лист1!$P107 -> 52.5
A108: 42738 | B108: 0.22916667 | C108: 11 | D108: =[1]Лист1!$D108+[2]Лист1!$D108+[3]Лист1!$D108+[4]Лист1!$D108+[5]Лист1!$D108+[6]Лист1!$D108 -> 48.77 | H108: 43103 | I108: 0.22916667 | J108: 11 | K108: =[1]Лист1!$J108+[2]Лист1!$J108+[3]Лист1!$J108+[4]Лист1!$J108+[5]Лист1!$J108+[6]Лист1!$J108 -> 48.35 | O108: 43468 | P108: 0.22916667 | Q108: 11 | R108: =[1]Лист1!$P108+[2]Лист1!$P108+[3]Лист1!$P108+[4]Лист1!$P108+[5]Лист1!$P108+[6]Лист1!$P108 -> 53.98
A109: 42738 | B109: 0.25 | C109: 12 | D109: =[1]Лист1!$D109+[2]Лист1!$D109+[3]Лист1!$D109+[4]Лист1!$D109+[5]Лист1!$D109+[6]Лист1!$D109 -> 48.78 | H109: 43103 | I109: 0.25 | J109: 12 | K109: =[1]Лист1!$J109+[2]Лист1!$J109+[3]Лист1!$J109+[4]Лист1!$J109+[5]Лист1!$J109+[6]Лист1!$J109 -> 50.04 | O109: 43468 | P109: 0.25 | Q109: 12 | R109: =[1]Лист1!$P109+[2]Лист1!$P109+[3]Лист1!$P109+[4]Лист1!$P109+[5]Лист1!$P109+[6]Лист1!$P109 -> 54.74
... A144: 42738 | B144: 0.97916667 | C144: 47 | D144: =[1]Лист1!$D144+[2]Лист1!$D144+[3]Лист1!$D144+[4]Лист1!$D144+[5]Лист1!$D144+[6]Лист1!$D144 -> 95.86 | H144: 43103 | I144: 0.97916667 | J144: 47 | K144: =[1]Лист1!$J144+[2]Лист1!$J144+[3]Лист1!$J144+[4]Лист1!$J144+[5]Лист1!$J144+[6]Лист1!$J144 -> 98.8 | O144: 43468 | P144: 0.97916667 | Q144: 47 | R144: =[1]Лист1!$P144+[2]Лист1!$P144+[3]Лист1!$P144+[4]Лист1!$P144+[5]Лист1!$P144+[6]Лист1!$P144 -> 93.35
A145: 42738 | B145: 24:00 | C145: 48 | D145: =[1]Лист1!$D145+[2]Лист1!$D145+[3]Лист1!$D145+[4]Лист1!$D145+[5]Лист1!$D145+[6]Лист1!$D145 -> 91.15 | H145: 43103 | I145: 24:00 | J145: 48 | K145: =[1]Лист1!$J145+[2]Лист1!$J145+[3]Лист1!$J145+[4]Лист1!$J145+[5]Лист1!$J145+[6]Лист1!$J145 -> 93.4 | O145: 43468 | P145: 24:00 | Q145: 48 | R145: =[1]Лист1!$P145+[2]Лист1!$P145+[3]Лист1!$P145+[4]Лист1!$P145+[5]Лист1!$P145+[6]Лист1!$P145 -> 87.35
A146: 42739 | B146: 0.020833333 | C146: 1 | D146: =[1]Лист1!$D146+[2]Лист1!$D146+[3]Лист1!$D146+[4]Лист1!$D146+[5]Лист1!$D146+[6]Лист1!$D146 -> 82.7 | H146: 43104 | I146: 0.020833333 | J146: 1 | K146: =[1]Лист1!$J146+[2]Лист1!$J146+[3]Лист1!$J146+[4]Лист1!$J146+[5]Лист1!$J146+[6]Лист1!$J146 -> 82.37 | O146: 43469 | P146: 0.020833333 | Q146: 1 | R146: =[1]Лист1!$P146+[2]Лист1!$P146+[3]Лист1!$P146+[4]Лист1!$P146+[5]Лист1!$P146+[6]Лист1!$P146 -> 81.05
A147: 42739 | B147: 0.041666667 | C147: 2 | D147: =[1]Лист1!$D147+[2]Лист1!$D147+[3]Лист1!$D147+[4]Лист1!$D147+[5]Лист1!$D147+[6]Лист1!$D147 -> 76.58 | H147: 43104 | I147: 0.041666667 | J147: 2 | K147: =[1]Лист1!$J147+[2]Лист1!$J147+[3]Лист1!$J147+[4]Лист1!$J147+[5]Лист1!$J147+[6]Лист1!$J147 -> 74.55 | O147: 43469 | P147: 0.041666667 | Q147: 2 | R147: =[1]Лист1!$P147+[2]Лист1!$P147+[3]Лист1!$P147+[4]Лист1!$P147+[5]Лист1!$P147+[6]Лист1!$P147 -> 72.96
A148: 42739 | B148: 0.0625 | C148: 3 | D148: =[1]Лист1!$D148+[2]Лист1!$D148+[3]Лист1!$D148+[4]Лист1!$D148+[5]Лист1!$D148+[6]Лист1!$D148 -> 70.6 | H148: 43104 | I148: 0.0625 | J148: 3 | K148: =[1]Лист1!$J148+[2]Лист1!$J148+[3]Лист1!$J148+[4]Лист1!$J148+[5]Лист1!$J148+[6]Лист1!$J148 -> 67.18 | O148: 43469 | P148: 0.0625 | Q148: 3 | R148: =[1]Лист1!$P148+[2]Лист1!$P148+[3]Лист1!$P148+[4]Лист1!$P148+[5]Лист1!$P148+[6]Лист1!$P148 -> 67.75
A149: 42739 | B149: 0.083333333 | C149: 4 | D149: =[1]Лист1!$D149+[2]Лист1!$D149+[3]Лист1!$D149+[4]Лист1!$D149+[5]Лист1!$D149+[6]Лист1!$D149 -> 61.7 | H149: 43104 | I149: 0.083333333 | J149: 4 | K149: =[1]Лист1!$J149+[2]Лист1!$J149+[3]Лист1!$J149+[4]Лист1!$J149+[5]Лист1!$J149+[6]Лист1!$J149 -> 62.87 | O149: 43469 | P149: 0.083333333 | Q149: 4 | R149: =[1]Лист1!$P149+[2]Лист1!$P149+[3]Лист1!$P149+[4]Лист1!$P149+[5]Лист1!$P149+[6]Лист1!$P149 -> 60.71
A150: 42739 | B150: 0.10416667 | C150: 5 | D150: =[1]Лист1!$D150+[2]Лист1!$D150+[3]Лист1!$D150+[4]Лист1!$D150+[5]Лист1!$D150+[6]Лист1!$D150 -> 57.13 | H150: 43104 | I150: 0.10416667 | J150: 5 | K150: =[1]Лист1!$J150+[2]Лист1!$J150+[3]Лист1!$J150+[4]Лист1!$J150+[5]Лист1!$J150+[6]Лист1!$J150 -> 55.54 | O150: 43469 | P150: 0.10416667 | Q150: 5 | R150: =[1]Лист1!$P150+[2]Лист1!$P150+[3]Лист1!$P150+[4]Лист1!$P150+[5]Лист1!$P150+[6]Лист1!$P150 -> 57.76
A151: 42739 | B151: 0.125 | C151: 6 | D151: =[1]Лист1!$D151+[2]Лист1!$D151+[3]Лист1!$D151+[4]Лист1!$D151+[5]Лист1!$D151+[6]Лист1!$D151 -> 52.42 | H151: 43104 | I151: 0.125 | J151: 6 | K151: =[1]Лист1!$J151+[2]Лист1!$J151+[3]Лист1!$J151+[4]Лист1!$J151+[5]Лист1!$J151+[6]Лист1!$J151 -> 53.1 | O151: 43469 | P151: 0.125 | Q151: 6 | R151: =[1]Лист1!$P151+[2]Лист1!$P151+[3]Лист1!$P151+[4]Лист1!$P151+[5]Лист1!$P151+[6]Лист1!$P151 -> 52.44
A152: 42739 | B152: 0.14583333 | C152: 7 | D152: =[1]Лист1!$D152+[2]Лист1!$D152+[3]Лист1!$D152+[4]Лист1!$D152+[5]Лист1!$D152+[6]Лист1!$D152 -> 50.16 | H152: 43104 | I152: 0.14583333 | J152: 7 | K152: =[1]Лист1!$J152+[2]Лист1!$J152+[3]Лист1!$J152+[4]Лист1!$J152+[5]Лист1!$J152+[6]Лист1!$J152 -> 50.93 | O152: 43469 | P152: 0.14583333 | Q152: 7 | R152: =[1]Лист1!$P152+[2]Лист1!$P152+[3]Лист1!$P152+[4]Лист1!$P152+[5]Лист1!$P152+[6]Лист1!$P152 -> 51.74
A153: 42739 | B153: 0.16666667 | C153: 8 | D153: =[1]Лист1!$D153+[2]Лист1!$D153+[3]Лист1!$D153+[4]Лист1!$D153+[5]Лист1!$D153+[6]Лист1!$D153 -> 48.96 | H153: 43104 | I153: 0.16666667 | J153: 8 | K153: =[1]Лист1!$J153+[2]Лист1!$J153+[3]Лист1!$J153+[4]Лист1!$J153+[5]Лист1!$J153+[6]Лист1!$J153 -> 50.12 | O153: 43469 | P153: 0.16666667 | Q153: 8 | R153: =[1]Лист1!$P153+[2]Лист1!$P153+[3]Лист1!$P153+[4]Лист1!$P153+[5]Лист1!$P153+[6]Лист1!$P153 -> 50.22
A154: 42739 | B154: 0.1875 | C154: 9 | D154: =[1]Лист1!$D154+[2]Лист1!$D154+[3]Лист1!$D154+[4]Лист1!$D154+[5]Лист1!$D154+[6]Лист1!$D154 -> 51.2 | H154: 43104 | I154: 0.1875 | J154: 9 | K154: =[1]Лист1!$J154+[2]Лист1!$J154+[3]Лист1!$J154+[4]Лист1!$J154+[5]Лист1!$J154+[6]Лист1!$J154 -> 49.83 | O154: 43469 | P154: 0.1875 | Q154: 9 | R154: =[1]Лист1!$P154+[2]Лист1!$P154+[3]Лист1!$P154+[4]Лист1!$P154+[5]Лист1!$P154+[6]Лист1!$P154 -> 50.68
A155: 42739 | B155: 0.20833333 | C155: 10 | D155: =[1]Лист1!$D155+[2]Лист1!$D155+[3]Лист1!$D155+[4]Лист1!$D155+[5]Лист1!$D155+[6]Лист1!$D155 -> 51.16 | H155: 43104 | I155: 0.20833333 | J155: 10 | K155: =[1]Лист1!$J155+[2]Лист1!$J155+[3]Лист1!$J155+[4]Лист1!$J155+[5]Лист1!$J155+[6]Лист1!$J155 -> 51.35 | O155: 43469 | P155: 0.20833333 | Q155: 10 | R155: =[1]Лист1!$P155+[2]Лист1!$P155+[3]Лист1!$P155+[4]Лист1!$P155+[5]Лист1!$P155+[6]Лист1!$P155 -> 52.76
A156: 42739 | B156: 0.22916667 | C156: 11 | D156: =[1]Лист1!$D156+[2]Лист1!$D156+[3]Лист1!$D156+[4]Лист1!$D156+[5]Лист1!$D156+[6]Лист1!$D156 -> 48.9 | H156: 43104 | I156: 0.22916667 | J156: 11 | K156: =[1]Лист1!$J156+[2]Лист1!$J156+[3]Лист1!$J156+[4]Лист1!$J156+[5]Лист1!$J156+[6]Лист1!$J156 -> 50.71 | O156: 43469 | P156: 0.22916667 | Q156: 11 | R156: =[1]Лист1!$P156+[2]Лист1!$P156+[3]Лист1!$P156+[4]Лист1!$P156+[5]Лист1!$P156+[6]Лист1!$P156 -> 52.96
A157: 42739 | B157: 0.25 | C157: 12 | D157: =[1]Лист1!$D157+[2]Лист1!$D157+[3]Лист1!$D157+[4]Лист1!$D157+[5]Лист1!$D157+[6]Лист1!$D157 -> 49.52 | H157: 43104 | I157: 0.25 | J157: 12 | K157: =[1]Лист1!$J157+[2]Лист1!$J157+[3]Лист1!$J157+[4]Лист1!$J157+[5]Лист1!$J157+[6]Лист1!$J157 -> 51.71 | O157: 43469 | P157: 0.25 | Q157: 12 | R157: =[1]Лист1!$P157+[2]Лист1!$P157+[3]Лист1!$P157+[4]Лист1!$P157+[5]Лист1!$P157+[6]Лист1!$P157 -> 53.17
... A192: 42739 | B192: 0.97916667 | C192: 47 | D192: =[1]Лист1!$D192+[2]Лист1!$D192+[3]Лист1!$D192+[4]Лист1!$D192+[5]Лист1!$D192+[6]Лист1!$D192 -> 101.65 | H192: 43104 | I192: 0.97916667 | J192: 47 | K192: =[1]Лист1!$J192+[2]Лист1!$J192+[3]Лист1!$J192+[4]Лист1!$J192+[5]Лист1!$J192+[6]Лист1!$J192 -> 101.42 | O192: 43469 | P192: 0.97916667 | Q192: 47 | R192: =[1]Лист1!$P192+[2]Лист1!$P192+[3]Лист1!$P192+[4]Лист1!$P192+[5]Лист1!$P192+[6]Лист1!$P192 -> 90.82
A193: 42739 | B193: 24:00 | C193: 48 | D193: =[1]Лист1!$D193+[2]Лист1!$D193+[3]Лист1!$D193+[4]Лист1!$D193+[5]Лист1!$D193+[6]Лист1!$D193 -> 94.58 | H193: 43104 | I193: 24:00 | J193: 48 | K193: =[1]Лист1!$J193+[2]Лист1!$J193+[3]Лист1!$J193+[4]Лист1!$J193+[5]Лист1!$J193+[6]Лист1!$J193 -> 95.23 | O193: 43469 | P193: 24:00 | Q193: 48 | R193: =[1]Лист1!$P193+[2]Лист1!$P193+[3]Лист1!$P193+[4]Лист1!$P193+[5]Лист1!$P193+[6]Лист1!$P193 -> 86.05
A194: 42740 | B194: 0.020833333 | C194: 1 | D194: =[1]Лист1!$D194+[2]Лист1!$D194+[3]Лист1!$D194+[4]Лист1!$D194+[5]Лист1!$D194+[6]Лист1!$D194 -> 83.84 | H194: 43105 | I194: 0.020833333 | J194: 1 | K194: =[1]Лист1!$J194+[2]Лист1!$J194+[3]Лист1!$J194+[4]Лист1!$J194+[5]Лист1!$J194+[6]Лист1!$J194 -> 85.36 | O194: 43470 | P194: 0.020833333 | Q194: 1 | R194: =[1]Лист1!$P194+[2]Лист1!$P194+[3]Лист1!$P194+[4]Лист1!$P194+[5]Лист1!$P194+[6]Лист1!$P194 -> 77.76
A195: 42740 | B195: 0.041666667 | C195: 2 | D195: =[1]Лист1!$D195+[2]Лист1!$D195+[3]Лист1!$D195+[4]Лист1!$D195+[5]Лист1!$D195+[6]Лист1!$D195 -> 76.49 | H195: 43105 | I195: 0.041666667 | J195: 2 | K195: =[1]Лист1!$J195+[2]Лист1!$J195+[3]Лист1!$J195+[4]Лист1!$J195+[5]Лист1!$J195+[6]Лист1!$J195 -> 80.44 | O195: 43470 | P195: 0.041666667 | Q195: 2 | R195: =[1]Лист1!$P195+[2]Лист1!$P195+[3]Лист1!$P195+[4]Лист1!$P195+[5]Лист1!$P195+[6]Лист1!$P195 -> 68.91
A196: 42740 | B196: 0.0625 | C196: 3 | D196: =[1]Лист1!$D196+[2]Лист1!$D196+[3]Лист1!$D196+[4]Лист1!$D196+[5]Лист1!$D196+[6]Лист1!$D196 -> 69.12 | H196: 43105 | I196: 0.0625 | J196: 3 | K196: =[1]Лист1!$J196+[2]Лист1!$J196+[3]Лист1!$J196+[4]Лист1!$J196+[5]Лист1!$J196+[6]Лист1!$J196 -> 70.46 | O196: 43470 | P196: 0.0625 | Q196: 3 | R196: =[1]Лист1!$P196+[2]Лист1!$P196+[3]Лист1!$P196+[4]Лист1!$P196+[5]Лист1!$P196+[6]Лист1!$P196 -> 63.06
A197: 42740 | B197: 0.083333333 | C197: 4 | D197: =[1]Лист1!$D197+[2]Лист1!$D197+[3]Лист1!$D197+[4]Лист1!$D197+[5]Лист1!$D197+[6]Лист1!$D197 -> 64.56 | H197: 43105 | I197: 0.083333333 | J197: 4 | K197: =[1]Лист1!$J197+[2]Лист1!$J197+[3]Лист1!$J197+[4]Лист1!$J197+[5]Лист1!$J197+[6]Лист1!$J197 -> 61.59 | O197: 43470 | P197: 0.083333333 | Q197: 4 | R197: =[1]Лист1!$P197+[2]Лист1!$P197+[3]Лист1!$P197+[4]Лист1!$P197+[5]Лист1!$P197+[6]Лист1!$P197 -> 58.32
A198: 42740 | B198: 0.10416667 | C198: 5 | D198: =[1]Лист1!$D198+[2]Лист1!$D198+[3]Лист1!$D198+[4]Лист1!$D198+[5]Лист1!$D198+[6]Лист1!$D198 -> 55.52 | H198: 43105 | I198: 0.10416667 | J198: 5 | K198: =[1]Лист1!$J198+[2]Лист1!$J198+[3]Лист1!$J198+[4]Лист1!$J198+[5]Лист1!$J198+[6]Лист1!$J198 -> 57.94 | O198: 43470 | P198: 0.10416667 | Q198: 5 | R198: =[1]Лист1!$P198+[2]Лист1!$P198+[3]Лист1!$P198+[4]Лист1!$P198+[5]Лист1!$P198+[6]Лист1!$P198 -> 56.69
A199: 42740 | B199: 0.125 | C199: 6 | D199: =[1]Лист1!$D199+[2]Лист1!$D199+[3]Лист1!$D199+[4]Лист1!$D199+[5]Лист1!$D199+[6]Лист1!$D199 -> 53.32 | H199: 43105 | I199: 0.125 | J199: 6 | K199: =[1]Лист1!$J199+[2]Лист1!$J199+[3]Лист1!$J199+[4]Лист1!$J199+[5]Лист1!$J199+[6]Лист1!$J199 -> 55.88 | O199: 43470 | P199: 0.125 | Q199: 6 | R199: =[1]Лист1!$P199+[2]Лист1!$P199+[3]Лист1!$P199+[4]Лист1!$P199+[5]Лист1!$P199+[6]Лист1!$P199 -> 54.46
A200: 42740 | B200: 0.14583333 | C200: 7 | D200: =[1]Лист1!$D200+[2]Лист1!$D200+[3]Лист1!$D200+[4]Лист1!$D200+[5]Лист1!$D200+[6]Лист1!$D200 -> 50.17 | H200: 43105 | I200: 0.14583333 | J200: 7 | K200: =[1]Лист1!$J200+[2]Лист1!$J200+[3]Лист1!$J200+[4]Лист1!$J200+[5]Лист1!$J200+[6]Лист1!$J200 -> 51.56 | O200: 43470 | P200: 0.14583333 | Q200: 7 | R200: =[1]Лист1!$P200+[2]Лист1!$P200+[3]Лист1!$P200+[4]Лист1!$P200+[5]Лист1!$P200+[6]Лист1!$P200 -> 48.63
A201: 42740 | B201: 0.16666667 | C201: 8 | D201: =[1]Лист1!$D201+[2]Лист1!$D201+[3]Лист1!$D201+[4]Лист1!$D201+[5]Лист1!$D201+[6]Лист1!$D201 -> 47.53 | H201: 43105 | I201: 0.16666667 | J201: 8 | K201: =[1]Лист1!$J201+[2]Лист1!$J201+[3]Лист1!$J201+[4]Лист1!$J201+[5]Лист1!$J201+[6]Лист1!$J201 -> 51.41 | O201: 43470 | P201: 0.16666667 | Q201: 8 | R201: =[1]Лист1!$P201+[2]Лист1!$P201+[3]Лист1!$P201+[4]Лист1!$P201+[5]Лист1!$P201+[6]Лист1!$P201 -> 49.35
A202: 42740 | B202: 0.1875 | C202: 9 | D202: =[1]Лист1!$D202+[2]Лист1!$D202+[3]Лист1!$D202+[4]Лист1!$D202+[5]Лист1!$D202+[6]Лист1!$D202 -> 47.64 | H202: 43105 | I202: 0.1875 | J202: 9 | K202: =[1]Лист1!$J202+[2]Лист1!$J202+[3]Лист1!$J202+[4]Лист1!$J202+[5]Лист1!$J202+[6]Лист1!$J202 -> 51.65 | O202: 43470 | P202: 0.1875 | Q202: 9 | R202: =[1]Лист1!$P202+[2]Лист1!$P202+[3]Лист1!$P202+[4]Лист1!$P202+[5]Лист1!$P202+[6]Лист1!$P202 -> 49.37
A203: 42740 | B203: 0.20833333 | C203: 10 | D203: =[1]Лист1!$D203+[2]Лист1!$D203+[3]Лист1!$D203+[4]Лист1!$D203+[5]Лист1!$D203+[6]Лист1!$D203 -> 50.33 | H203: 43105 | I203: 0.20833333 | J203: 10 | K203: =[1]Лист1!$J203+[2]Лист1!$J203+[3]Лист1!$J203+[4]Лист1!$J203+[5]Лист1!$J203+[6]Лист1!$J203 -> 51.32 | O203: 43470 | P203: 0.20833333 | Q203: 10 | R203: =[1]Лист1!$P203+[2]Лист1!$P203+[3]Лист1!$P203+[4]Лист1!$P203+[5]Лист1!$P203+[6]Лист1!$P203 -> 51.75
A204: 42740 | B204: 0.22916667 | C204: 11 | D204: =[1]Лист1!$D204+[2]Лист1!$D204+[3]Лист1!$D204+[4]Лист1!$D204+[5]Лист1!$D204+[6]Лист1!$D204 -> 50.04 | H204: 43105 | I204: 0.22916667 | J204: 11 | K204: =[1]Лист1!$J204+[2]Лист1!$J204+[3]Лист1!$J204+[4]Лист1!$J204+[5]Лист1!$J204+[6]Лист1!$J204 -> 51.43 | O204: 43470 | P204: 0.22916667 | Q204: 11 | R204: =[1]Лист1!$P204+[2]Лист1!$P204+[3]Лист1!$P204+[4]Лист1!$P204+[5]Лист1!$P204+[6]Лист1!$P204 -> 50.57
A205: 42740 | B205: 0.25 | C205: 12 | D205: =[1]Лист1!$D205+[2]Лист1!$D205+[3]Лист1!$D205+[4]Лист1!$D205+[5]Лист1!$D205+[6]Лист1!$D205 -> 51.92 | H205: 43105 | I205: 0.25 | J205: 12 | K205: =[1]Лист1!$J205+[2]Лист1!$J205+[3]Лист1!$J205+[4]Лист1!$J205+[5]Лист1!$J205+[6]Лист1!$J205 -> 50.74 | O205: 43470 | P205: 0.25 | Q205: 12 | R205: =[1]Лист1!$P205+[2]Лист1!$P205+[3]Лист1!$P205+[4]Лист1!$P205+[5]Лист1!$P205+[6]Лист1!$P205 -> 51.84
... A240: 42740 | B240: 0.97916667 | C240: 47 | D240: =[1]Лист1!$D240+[2]Лист1!$D240+[3]Лист1!$D240+[4]Лист1!$D240+[5]Лист1!$D240+[6]Лист1!$D240 -> 104.74 | H240: 43105 | I240: 0.97916667 | J240: 47 | K240: =[1]Лист1!$J240+[2]Лист1!$J240+[3]Лист1!$J240+[4]Лист1!$J240+[5]Лист1!$J240+[6]Лист1!$J240 -> 97.49 | O240: 43470 | P240: 0.97916667 | Q240: 47 | R240: =[1]Лист1!$P240+[2]Лист1!$P240+[3]Лист1!$P240+[4]Лист1!$P240+[5]Лист1!$P240+[6]Лист1!$P240 -> 92.87
A241: 42740 | B241: 24:00 | C241: 48 | D241: =[1]Лист1!$D241+[2]Лист1!$D241+[3]Лист1!$D241+[4]Лист1!$D241+[5]Лист1!$D241+[6]Лист1!$D241 -> 94.74 | H241: 43105 | I241: 24:00 | J241: 48 | K241: =[1]Лист1!$J241+[2]Лист1!$J241+[3]Лист1!$J241+[4]Лист1!$J241+[5]Лист1!$J241+[6]Лист1!$J241 -> 94.51 | O241: 43470 | P241: 24:00 | Q241: 48 | R241: =[1]Лист1!$P241+[2]Лист1!$P241+[3]Лист1!$P241+[4]Лист1!$P241+[5]Лист1!$P241+[6]Лист1!$P241 -> 86.02
A242: 42741 | B242: 0.020833333 | C242: 1 | D242: =[1]Лист1!$D242+[2]Лист1!$D242+[3]Лист1!$D242+[4]Лист1!$D242+[5]Лист1!$D242+[6]Лист1!$D242 -> 89.13 | H242: 43106 | I242: 0.020833333 | J242: 1 | K242: =[1]Лист1!$J242+[2]Лист1!$J242+[3]Лист1!$J242+[4]Лист1!$J242+[5]Лист1!$J242+[6]Лист1!$J242 -> 85.37 | O242: 43471 | P242: 0.020833333 | Q242: 1 | R242: =[1]Лист1!$P242+[2]Лист1!$P242+[3]Лист1!$P242+[4]Лист1!$P242+[5]Лист1!$P242+[6]Лист1!$P242 -> 77.37
A243: 42741 | B243: 0.041666667 | C243: 2 | D243: =[1]Лист1!$D243+[2]Лист1!$D243+[3]Лист1!$D243+[4]Лист1!$D243+[5]Лист1!$D243+[6]Лист1!$D243 -> 80.86 | H243: 43106 | I243: 0.041666667 | J243: 2 | K243: =[1]Лист1!$J243+[2]Лист1!$J243+[3]Лист1!$J243+[4]Лист1!$J243+[5]Лист1!$J243+[6]Лист1!$J243 -> 78.39 | O243: 43471 | P243: 0.041666667 | Q243: 2 | R243: =[1]Лист1!$P243+[2]Лист1!$P243+[3]Лист1!$P243+[4]Лист1!$P243+[5]Лист1!$P243+[6]Лист1!$P243 -> 69.3
A244: 42741 | B244: 0.0625 | C244: 3 | D244: =[1]Лист1!$D244+[2]Лист1!$D244+[3]Лист1!$D244+[4]Лист1!$D244+[5]Лист1!$D244+[6]Лист1!$D244 -> 71.7 | H244: 43106 | I244: 0.0625 | J244: 3 | K244: =[1]Лист1!$J244+[2]Лист1!$J244+[3]Лист1!$J244+[4]Лист1!$J244+[5]Лист1!$J244+[6]Лист1!$J244 -> 68.52 | O244: 43471 | P244: 0.0625 | Q244: 3 | R244: =[1]Лист1!$P244+[2]Лист1!$P244+[3]Лист1!$P244+[4]Лист1!$P244+[5]Лист1!$P244+[6]Лист1!$P244 -> 67.73
A245: 42741 | B245: 0.083333333 | C245: 4 | D245: =[1]Лист1!$D245+[2]Лист1!$D245+[3]Лист1!$D245+[4]Лист1!$D245+[5]Лист1!$D245+[6]Лист1!$D245 -> 62.49 | H245: 43106 | I245: 0.083333333 | J245: 4 | K245: =[1]Лист1!$J245+[2]Лист1!$J245+[3]Лист1!$J245+[4]Лист1!$J245+[5]Лист1!$J245+[6]Лист1!$J245 -> 62.4 | O245: 43471 | P245: 0.083333333 | Q245: 4 | R245: =[1]Лист1!$P245+[2]Лист1!$P245+[3]Лист1!$P245+[4]Лист1!$P245+[5]Лист1!$P245+[6]Лист1!$P245 -> 61.04
A246: 42741 | B246: 0.10416667 | C246: 5 | D246: =[1]Лист1!$D246+[2]Лист1!$D246+[3]Лист1!$D246+[4]Лист1!$D246+[5]Лист1!$D246+[6]Лист1!$D246 -> 57.44 | H246: 43106 | I246: 0.10416667 | J246: 5 | K246: =[1]Лист1!$J246+[2]Лист1!$J246+[3]Лист1!$J246+[4]Лист1!$J246+[5]Лист1!$J246+[6]Лист1!$J246 -> 57.15 | O246: 43471 | P246: 0.10416667 | Q246: 5 | R246: =[1]Лист1!$P246+[2]Лист1!$P246+[3]Лист1!$P246+[4]Лист1!$P246+[5]Лист1!$P246+[6]Лист1!$P246 -> 56.8
A247: 42741 | B247: 0.125 | C247: 6 | D247: =[1]Лист1!$D247+[2]Лист1!$D247+[3]Лист1!$D247+[4]Лист1!$D247+[5]Лист1!$D247+[6]Лист1!$D247 -> 53.08 | H247: 43106 | I247: 0.125 | J247: 6 | K247: =[1]Лист1!$J247+[2]Лист1!$J247+[3]Лист1!$J247+[4]Лист1!$J247+[5]Лист1!$J247+[6]Лист1!$J247 -> 55.58 | O247: 43471 | P247: 0.125 | Q247: 6 | R247: =[1]Лист1!$P247+[2]Лист1!$P247+[3]Лист1!$P247+[4]Лист1!$P247+[5]Лист1!$P247+[6]Лист1!$P247 -> 54.65
A248: 42741 | B248: 0.14583333 | C248: 7 | D248: =[1]Лист1!$D248+[2]Лист1!$D248+[3]Лист1!$D248+[4]Лист1!$D248+[5]Лист1!$D248+[6]Лист1!$D248 -> 52.23 | H248: 43106 | I248: 0.14583333 | J248: 7 | K248: =[1]Лист1!$J248+[2]Лист1!$J248+[3]Лист1!$J248+[4]Лист1!$J248+[5]Лист1!$J248+[6]Лист1!$J248 -> 52.39 | O248: 43471 | P248: 0.14583333 | Q248: 7 | R248: =[1]Лист1!$P248+[2]Лист1!$P248+[3]Лист1!$P248+[4]Лист1!$P248+[5]Лист1!$P248+[6]Лист1!$P248 -> 48.2
A249: 42741 | B249: 0.16666667 | C249: 8 | D249: =[1]Лист1!$D249+[2]Лист1!$D249+[3]Лист1!$D249+[4]Лист1!$D249+[5]Лист1!$D249+[6]Лист1!$D249 -> 51.81 | H249: 43106 | I249: 0.16666667 | J249: 8 | K249: =[1]Лист1!$J249+[2]Лист1!$J249+[3]Лист1!$J249+[4]Лист1!$J249+[5]Лист1!$J249+[6]Лист1!$J249 -> 49.48 | O249: 43471 | P249: 0.16666667 | Q249: 8 | R249: =[1]Лист1!$P249+[2]Лист1!$P249+[3]Лист1!$P249+[4]Лист1!$P249+[5]Лист1!$P249+[6]Лист1!$P249 -> 47.99
A250: 42741 | B250: 0.1875 | C250: 9 | D250: =[1]Лист1!$D250+[2]Лист1!$D250+[3]Лист1!$D250+[4]Лист1!$D250+[5]Лист1!$D250+[6]Лист1!$D250 -> 50.48 | H250: 43106 | I250: 0.1875 | J250: 9 | K250: =[1]Лист1!$J250+[2]Лист1!$J250+[3]Лист1!$J250+[4]Лист1!$J250+[5]Лист1!$J250+[6]Лист1!$J250 -> 49.82 | O250: 43471 | P250: 0.1875 | Q250: 9 | R250: =[1]Лист1!$P250+[2]Лист1!$P250+[3]Лист1!$P250+[4]Лист1!$P250+[5]Лист1!$P250+[6]Лист1!$P250 -> 49.54
A251: 42741 | B251: 0.20833333 | C251: 10 | D251: =[1]Лист1!$D251+[2]Лист1!$D251+[3]Лист1!$D251+[4]Лист1!$D251+[5]Лист1!$D251+[6]Лист1!$D251 -> 49.48 | H251: 43106 | I251: 0.20833333 | J251: 10 | K251: =[1]Лист1!$J251+[2]Лист1!$J251+[3]Лист1!$J251+[4]Лист1!$J251+[5]Лист1!$J251+[6]Лист1!$J251 -> 47.58 | O251: 43471 | P251: 0.20833333 | Q251: 10 | R251: =[1]Лист1!$P251+[2]Лист1!$P251+[3]Лист1!$P251+[4]Лист1!$P251+[5]Лист1!$P251+[6]Лист1!$P251 -> 51.16
A252: 42741 | B252: 0.22916667 | C252: 11 | D252: =[1]Лист1!$D252+[2]Лист1!$D252+[3]Лист1!$D252+[4]Лист1!$D252+[5]Лист1!$D252+[6]Лист1!$D252 -> 56.05 | H252: 43106 | I252: 0.22916667 | J252: 11 | K252: =[1]Лист1!$J252+[2]Лист1!$J252+[3]Лист1!$J252+[4]Лист1!$J252+[5]Лист1!$J252+[6]Лист1!$J252 -> 50.48 | O252: 43471 | P252: 0.22916667 | Q252: 11 | R252: =[1]Лист1!$P252+[2]Лист1!$P252+[3]Лист1!$P252+[4]Лист1!$P252+[5]Лист1!$P252+[6]Лист1!$P252 -> 50.93
A253: 42741 | B253: 0.25 | C253: 12 | D253: =[1]Лист1!$D253+[2]Лист1!$D253+[3]Лист1!$D253+[4]Лист1!$D253+[5]Лист1!$D253+[6]Лист1!$D253 -> 50.31 | H253: 43106 | I253: 0.25 | J253: 12 | K253: =[1]Лист1!$J253+[2]Лист1!$J253+[3]Лист1!$J253+[4]Лист1!$J253+[5]Лист1!$J253+[6]Лист1!$J253 -> 48.26 | O253: 43471 | P253: 0.25 | Q253: 12 | R253: =[1]Лист1!$P253+[2]Лист1!$P253+[3]Лист1!$P253+[4]Лист1!$P253+[5]Лист1!$P253+[6]Лист1!$P253 -> 52.12
... A288: 42741 | B288: 0.97916667 | C288: 47 | D288: =[1]Лист1!$D288+[2]Лист1!$D288+[3]Лист1!$D288+[4]Лист1!$D288+[5]Лист1!$D288+[6]Лист1!$D288 -> 103.05 | H288: 43106 | I288: 0.97916667 | J288: 47 | K288: =[1]Лист1!$J288+[2]Лист1!$J288+[3]Лист1!$J288+[4]Лист1!$J288+[5]Лист1!$J288+[6]Лист1!$J288 -> 103.84 | O288: 43471 | P288: 0.97916667 | Q288: 47 | R288: =[1]Лист1!$P288+[2]Лист1!$P288+[3]Лист1!$P288+[4]Лист1!$P288+[5]Лист1!$P288+[6]Лист1!$P288 -> 104.52
A289: 42741 | B289: 24:00 | C289: 48 | D289: =[1]Лист1!$D289+[2]Лист1!$D289+[3]Лист1!$D289+[4]Лист1!$D289+[5]Лист1!$D289+[6]Лист1!$D289 -> 98.93 | H289: 43106 | I289: 24:00 | J289: 48 | K289: =[1]Лист1!$J289+[2]Лист1!$J289+[3]Лист1!$J289+[4]Лист1!$J289+[5]Лист1!$J289+[6]Лист1!$J289 -> 95.8 | O289: 43471 | P289: 24:00 | Q289: 48 | R289: =[1]Лист1!$P289+[2]Лист1!$P289+[3]Лист1!$P289+[4]Лист1!$P289+[5]Лист1!$P289+[6]Лист1!$P289 -> 92.82
A290: 42742 | B290: 0.020833333 | C290: 1 | D290: =[1]Лист1!$D290+[2]Лист1!$D290+[3]Лист1!$D290+[4]Лист1!$D290+[5]Лист1!$D290+[6]Лист1!$D290 -> 90.95 | H290: 43107 | I290: 0.020833333 | J290: 1 | K290: =[1]Лист1!$J290+[2]Лист1!$J290+[3]Лист1!$J290+[4]Лист1!$J290+[5]Лист1!$J290+[6]Лист1!$J290 -> 87.14 | O290: 43472 | P290: 0.020833333 | Q290: 1 | R290: =[1]Лист1!$P290+[2]Лист1!$P290+[3]Лист1!$P290+[4]Лист1!$P290+[5]Лист1!$P290+[6]Лист1!$P290 -> 87.56
A291: 42742 | B291: 0.041666667 | C291: 2 | D291: =[1]Лист1!$D291+[2]Лист1!$D291+[3]Лист1!$D291+[4]Лист1!$D291+[5]Лист1!$D291+[6]Лист1!$D291 -> 83.79 | H291: 43107 | I291: 0.041666667 | J291: 2 | K291: =[1]Лист1!$J291+[2]Лист1!$J291+[3]Лист1!$J291+[4]Лист1!$J291+[5]Лист1!$J291+[6]Лист1!$J291 -> 79.63 | O291: 43472 | P291: 0.041666667 | Q291: 2 | R291: =[1]Лист1!$P291+[2]Лист1!$P291+[3]Лист1!$P291+[4]Лист1!$P291+[5]Лист1!$P291+[6]Лист1!$P291 -> 75.76
A292: 42742 | B292: 0.0625 | C292: 3 | D292: =[1]Лист1!$D292+[2]Лист1!$D292+[3]Лист1!$D292+[4]Лист1!$D292+[5]Лист1!$D292+[6]Лист1!$D292 -> 74.13 | H292: 43107 | I292: 0.0625 | J292: 3 | K292: =[1]Лист1!$J292+[2]Лист1!$J292+[3]Лист1!$J292+[4]Лист1!$J292+[5]Лист1!$J292+[6]Лист1!$J292 -> 73.13 | O292: 43472 | P292: 0.0625 | Q292: 3 | R292: =[1]Лист1!$P292+[2]Лист1!$P292+[3]Лист1!$P292+[4]Лист1!$P292+[5]Лист1!$P292+[6]Лист1!$P292 -> 69.47
A293: 42742 | B293: 0.083333333 | C293: 4 | D293: =[1]Лист1!$D293+[2]Лист1!$D293+[3]Лист1!$D293+[4]Лист1!$D293+[5]Лист1!$D293+[6]Лист1!$D293 -> 66.46 | H293: 43107 | I293: 0.083333333 | J293: 4 | K293: =[1]Лист1!$J293+[2]Лист1!$J293+[3]Лист1!$J293+[4]Лист1!$J293+[5]Лист1!$J293+[6]Лист1!$J293 -> 65.07 | O293: 43472 | P293: 0.083333333 | Q293: 4 | R293: =[1]Лист1!$P293+[2]Лист1!$P293+[3]Лист1!$P293+[4]Лист1!$P293+[5]Лист1!$P293+[6]Лист1!$P293 -> 63.34
A294: 42742 | B294: 0.10416667 | C294: 5 | D294: =[1]Лист1!$D294+[2]Лист1!$D294+[3]Лист1!$D294+[4]Лист1!$D294+[5]Лист1!$D294+[6]Лист1!$D294 -> 60.25 | H294: 43107 | I294: 0.10416667 | J294: 5 | K294: =[1]Лист1!$J294+[2]Лист1!$J294+[3]Лист1!$J294+[4]Лист1!$J294+[5]Лист1!$J294+[6]Лист1!$J294 -> 60.7 | O294: 43472 | P294: 0.10416667 | Q294: 5 | R294: =[1]Лист1!$P294+[2]Лист1!$P294+[3]Лист1!$P294+[4]Лист1!$P294+[5]Лист1!$P294+[6]Лист1!$P294 -> 58.82
A295: 42742 | B295: 0.125 | C295: 6 | D295: =[1]Лист1!$D295+[2]Лист1!$D295+[3]Лист1!$D295+[4]Лист1!$D295+[5]Лист1!$D295+[6]Лист1!$D295 -> 55.77 | H295: 43107 | I295: 0.125 | J295: 6 | K295: =[1]Лист1!$J295+[2]Лист1!$J295+[3]Лист1!$J295+[4]Лист1!$J295+[5]Лист1!$J295+[6]Лист1!$J295 -> 57.5 | O295: 43472 | P295: 0.125 | Q295: 6 | R295: =[1]Лист1!$P295+[2]Лист1!$P295+[3]Лист1!$P295+[4]Лист1!$P295+[5]Лист1!$P295+[6]Лист1!$P295 -> 56.96
A296: 42742 | B296: 0.14583333 | C296: 7 | D296: =[1]Лист1!$D296+[2]Лист1!$D296+[3]Лист1!$D296+[4]Лист1!$D296+[5]Лист1!$D296+[6]Лист1!$D296 -> 53.85 | H296: 43107 | I296: 0.14583333 | J296: 7 | K296: =[1]Лист1!$J296+[2]Лист1!$J296+[3]Лист1!$J296+[4]Лист1!$J296+[5]Лист1!$J296+[6]Лист1!$J296 -> 54.05 | O296: 43472 | P296: 0.14583333 | Q296: 7 | R296: =[1]Лист1!$P296+[2]Лист1!$P296+[3]Лист1!$P296+[4]Лист1!$P296+[5]Лист1!$P296+[6]Лист1!$P296 -> 51.91
A297: 42742 | B297: 0.16666667 | C297: 8 | D297: =[1]Лист1!$D297+[2]Лист1!$D297+[3]Лист1!$D297+[4]Лист1!$D297+[5]Лист1!$D297+[6]Лист1!$D297 -> 51.54 | H297: 43107 | I297: 0.16666667 | J297: 8 | K297: =[1]Лист1!$J297+[2]Лист1!$J297+[3]Лист1!$J297+[4]Лист1!$J297+[5]Лист1!$J297+[6]Лист1!$J297 -> 52.22 | O297: 43472 | P297: 0.16666667 | Q297: 8 | R297: =[1]Лист1!$P297+[2]Лист1!$P297+[3]Лист1!$P297+[4]Лист1!$P297+[5]Лист1!$P297+[6]Лист1!$P297 -> 52.44
A298: 42742 | B298: 0.1875 | C298: 9 | D298: =[1]Лист1!$D298+[2]Лист1!$D298+[3]Лист1!$D298+[4]Лист1!$D298+[5]Лист1!$D298+[6]Лист1!$D298 -> 52.38 | H298: 43107 | I298: 0.1875 | J298: 9 | K298: =[1]Лист1!$J298+[2]Лист1!$J298+[3]Лист1!$J298+[4]Лист1!$J298+[5]Лист1!$J298+[6]Лист1!$J298 -> 53.23 | O298: 43472 | P298: 0.1875 | Q298: 9 | R298: =[1]Лист1!$P298+[2]Лист1!$P298+[3]Лист1!$P298+[4]Лист1!$P298+[5]Лист1!$P298+[6]Лист1!$P298 -> 53.22
A299: 42742 | B299: 0.20833333 | C299: 10 | D299: =[1]Лист1!$D299+[2]Лист1!$D299+[3]Лист1!$D299+[4]Лист1!$D299+[5]Лист1!$D299+[6]Лист1!$D299 -> 50.59 | H299: 43107 | I299: 0.20833333 | J299: 10 | K299: =[1]Лист1!$J299+[2]Лист1!$J299+[3]Лист1!$J299+[4]Лист1!$J299+[5]Лист1!$J299+[6]Лист1!$J299 -> 52.01 | O299: 43472 | P299: 0.20833333 | Q299: 10 | R299: =[1]Лист1!$P299+[2]Лист1!$P299+[3]Лист1!$P299+[4]Лист1!$P299+[5]Лист1!$P299+[6]Лист1!$P299 -> 51.22
A300: 42742 | B300: 0.22916667 | C300: 11 | D300: =[1]Лист1!$D300+[2]Лист1!$D300+[3]Лист1!$D300+[4]Лист1!$D300+[5]Лист1!$D300+[6]Лист1!$D300 -> 51.96 | H300: 43107 | I300: 0.22916667 | J300: 11 | K300: =[1]Лист1!$J300+[2]Лист1!$J300+[3]Лист1!$J300+[4]Лист1!$J300+[5]Лист1!$J300+[6]Лист1!$J300 -> 49.49 | O300: 43472 | P300: 0.22916667 | Q300: 11 | R300: =[1]Лист1!$P300+[2]Лист1!$P300+[3]Лист1!$P300+[4]Лист1!$P300+[5]Лист1!$P300+[6]Лист1!$P300 -> 53.71
A301: 42742 | B301: 0.25 | C301: 12 | D301: =[1]Лист1!$D301+[2]Лист1!$D301+[3]Лист1!$D301+[4]Лист1!$D301+[5]Лист1!$D301+[6]Лист1!$D301 -> 53.71 | H301: 43107 | I301: 0.25 | J301: 12 | K301: =[1]Лист1!$J301+[2]Лист1!$J301+[3]Лист1!$J301+[4]Лист1!$J301+[5]Лист1!$J301+[6]Лист1!$J301 -> 49.98 | O301: 43472 | P301: 0.25 | Q301: 12 | R301: =[1]Лист1!$P301+[2]Лист1!$P301+[3]Лист1!$P301+[4]Лист1!$P301+[5]Лист1!$P301+[6]Лист1!$P301 -> 50
... A336: 42742 | B336: 0.97916667 | C336: 47 | D336: =[1]Лист1!$D336+[2]Лист1!$D336+[3]Лист1!$D336+[4]Лист1!$D336+[5]Лист1!$D336+[6]Лист1!$D336 -> 107.87 | H336: 43107 | I336: 0.97916667 | J336: 47 | K336: =[1]Лист1!$J336+[2]Лист1!$J336+[3]Лист1!$J336+[4]Лист1!$J336+[5]Лист1!$J336+[6]Лист1!$J336 -> 104.58 | O336: 43472 | P336: 0.97916667 | Q336: 47 | R336: =[1]Лист1!$P336+[2]Лист1!$P336+[3]Лист1!$P336+[4]Лист1!$P336+[5]Лист1!$P336+[6]Лист1!$P336 -> 103.71
A337: 42742 | B337: 24:00 | C337: 48 | D337: =[1]Лист1!$D337+[2]Лист1!$D337+[3]Лист1!$D337+[4]Лист1!$D337+[5]Лист1!$D337+[6]Лист1!$D337 -> 96.49 | H337: 43107 | I337: 24:00 | J337: 48 | K337: =[1]Лист1!$J337+[2]Лист1!$J337+[3]Лист1!$J337+[4]Лист1!$J337+[5]Лист1!$J337+[6]Лист1!$J337 -> 97.46 | O337: 43472 | P337: 24:00 | Q337: 48 | R337: =[1]Лист1!$P337+[2]Лист1!$P337+[3]Лист1!$P337+[4]Лист1!$P337+[5]Лист1!$P337+[6]Лист1!$P337 -> 95.27
A338: 42743 | B338: 0.020833333 | C338: 1 | D338: =[1]Лист1!$D338+[2]Лист1!$D338+[3]Лист1!$D338+[4]Лист1!$D338+[5]Лист1!$D338+[6]Лист1!$D338 -> 89.27 | H338: 43108 | I338: 0.020833333 | J338: 1 | K338: =[1]Лист1!$J338+[2]Лист1!$J338+[3]Лист1!$J338+[4]Лист1!$J338+[5]Лист1!$J338+[6]Лист1!$J338 -> 85.65 | O338: 43473 | P338: 0.020833333 | Q338: 1 | R338: =[1]Лист1!$P338+[2]Лист1!$P338+[3]Лист1!$P338+[4]Лист1!$P338+[5]Лист1!$P338+[6]Лист1!$P338 -> 83.5
...
