Workbook

Sheet Исходные данные
A1: Дата | B1: Время | C1: № интервала | D1: Значение | H1: Дата | I1: Время | J1: № интервала | K1: Значение | O1: Дата | P1: Время | Q1: № интервала | R1: Значение
A2: 43047 | B2: 0.020833333 | C2: 1 | D2: =[1]Лист1!$D2+[2]Лист1!$D2 -> 0 | H2: 43101 | I2: 0.020833333 | J2: 1 | K2: =[1]Лист1!$J2+[2]Лист1!$J2 -> 24.04 | O2: 43466 | P2: 0.020833333 | Q2: 1 | R2: =[1]Лист1!$P2+[2]Лист1!$P2 -> 25.96
A3: 43047 | B3: 0.041666667 | C3: 2 | D3: =[1]Лист1!$D3+[2]Лист1!$D3 -> 0 | H3: 43101 | I3: 0.041666667 | J3: 2 | K3: =[1]Лист1!$J3+[2]Лист1!$J3 -> 23.72 | O3: 43466 | P3: 0.041666667 | Q3: 2 | R3: =[1]Лист1!$P3+[2]Лист1!$P3 -> 26.8
A4: 43047 | B4: 0.0625 | C4: 3 | D4: =[1]Лист1!$D4+[2]Лист1!$D4 -> 0 | H4: 43101 | I4: 0.0625 | J4: 3 | K4: =[1]Лист1!$J4+[2]Лист1!$J4 -> 22.36 | O4: 43466 | P4: 0.0625 | Q4: 3 | R4: =[1]Лист1!$P4+[2]Лист1!$P4 -> 25.52
A5: 43047 | B5: 0.083333333 | C5: 4 | D5: =[1]Лист1!$D5+[2]Лист1!$D5 -> 0 | H5: 43101 | I5: 0.083333333 | J5: 4 | K5: =[1]Лист1!$J5+[2]Лист1!$J5 -> 22.64 | O5: 43466 | P5: 0.083333333 | Q5: 4 | R5: =[1]Лист1!$P5+[2]Лист1!$P5 -> 22.92
A6: 43047 | B6: 0.10416667 | C6: 5 | D6: =[1]Лист1!$D6+[2]Лист1!$D6 -> 0 | H6: 43101 | I6: 0.10416667 | J6: 5 | K6: =[1]Лист1!$J6+[2]Лист1!$J6 -> 22.12 | O6: 43466 | P6: 0.10416667 | Q6: 5 | R6: =[1]Лист1!$P6+[2]Лист1!$P6 -> 22.8
A7: 43047 | B7: 0.125 | C7: 6 | D7: =[1]Лист1!$D7+[2]Лист1!$D7 -> 0 | H7: 43101 | I7: 0.125 | J7: 6 | K7: =[1]Лист1!$J7+[2]Лист1!$J7 -> 19.64 | O7: 43466 | P7: 0.125 | Q7: 6 | R7: =[1]Лист1!$P7+[2]Лист1!$P7 -> 20.4
A8: 43047 | B8: 0.14583333 | C8: 7 | D8: =[1]Лист1!$D8+[2]Лист1!$D8 -> 0 | H8: 43101 | I8: 0.14583333 | J8: 7 | K8: =[1]Лист1!$J8+[2]Лист1!$J8 -> 16.68 | O8: 43466 | P8: 0.14583333 | Q8: 7 | R8: =[1]Лист1!$P8+[2]Лист1!$P8 -> 17.36
A9: 43047 | B9: 0.16666667 | C9: 8 | D9: =[1]Лист1!$D9+[2]Лист1!$D9 -> 0 | H9: 43101 | I9: 0.16666667 | J9: 8 | K9: =[1]Лист1!$J9+[2]Лист1!$J9 -> 15.92 | O9: 43466 | P9: 0.16666667 | Q9: 8 | R9: =[1]Лист1!$P9+[2]Лист1!$P9 -> 17.04
A10: 43047 | B10: 0.1875 | C10: 9 | D10: =[1]Лист1!$D10+[2]Лист1!$D10 -> 0 | H10: 43101 | I10: 0.1875 | J10: 9 | K10: =[1]Лист1!$J10+[2]Лист1!$J10 -> 15.64 | O10: 43466 | P10: 0.1875 | Q10: 9 | R10: =[1]Лист1!$P10+[2]Лист1!$P10 -> 15.88
A11: 43047 | B11: 0.20833333 | C11: 10 | D11: =[1]Лист1!$D11+[2]Лист1!$D11 -> 0 | H11: 43101 | I11: 0.20833333 | J11: 10 | K11: =[1]Лист1!$J11+[2]Лист1!$J11 -> 16 | O11: 43466 | P11: 0.20833333 | Q11: 10 | R11: =[1]Лист1!$P11+[2]Лист1!$P11 -> 16.52
A12: 43047 | B12: 0.22916667 | C12: 11 | D12: =[1]Лист1!$D12+[2]Лист1!$D12 -> 0 | H12: 43101 | I12: 0.22916667 | J12: 11 | K12: =[1]Лист1!$J12+[2]Лист1!$J12 -> 15.88 | O12: 43466 | P12: 0.22916667 | Q12: 11 | R12: =[1]Лист1!$P12+[2]Лист1!$P12 -> 14.72
A13: 43047 | B13: 0.25 | C13: 12 | D13: =[1]Лист1!$D13+[2]Лист1!$D13 -> 0 | H13: 43101 | I13: 0.25 | J13: 12 | K13: =[1]Лист1!$J13+[2]Лист1!$J13 -> 15.16 | O13: 43466 | P13: 0.25 | Q13: 12 | R13: =[1]Лист1!$P13+[2]Лист1!$P13 -> 14.72
... A48: 43047 | B48: 0.97916667 | C48: 47 | D48: =[1]Лист1!$D48+[2]Лист1!$D48 -> 0 | H48: 43101 | I48: 0.97916667 | J48: 47 | K48: =[1]Лист1!$J48+[2]Лист1!$J48 -> 26.84 | O48: 43466 | P48: 0.97916667 | Q48: 47 | R48: =[1]Лист1!$P48+[2]Лист1!$P48 -> 26.52
A49: 43047 | B49: 24:00 | C49: 48 | D49: =[1]Лист1!$D49+[2]Лист1!$D49 -> 0 | H49: 43101 | I49: 24:00 | J49: 48 | K49: =[1]Лист1!$J49+[2]Лист1!$J49 -> 25.2 | O49: 43466 | P49: 24:00 | Q49: 48 | R49: =[1]Лист1!$P49+[2]Лист1!$P49 -> 25.04
A50: 43048 | B50: 0.020833333 | C50: 1 | D50: =[1]Лист1!$D50+[2]Лист1!$D50 -> 0 | H50: 43102 | I50: 0.020833333 | J50: 1 | K50: =[1]Лист1!$J50+[2]Лист1!$J50 -> 21.72 | O50: 43467 | P50: 0.020833333 | Q50: 1 | R50: =[1]Лист1!$P50+[2]Лист1!$P50 -> 22.2
A51: 43048 | B51: 0.041666667 | C51: 2 | D51: =[1]Лист1!$D51+[2]Лист1!$D51 -> 0 | H51: 43102 | I51: 0.041666667 | J51: 2 | K51: =[1]Лист1!$J51+[2]Лист1!$J51 -> 21.08 | O51: 43467 | P51: 0.041666667 | Q51: 2 | R51: =[1]Лист1!$P51+[2]Лист1!$P51 -> 21.12
A52: 43048 | B52: 0.0625 | C52: 3 | D52: =[1]Лист1!$D52+[2]Лист1!$D52 -> 0 | H52: 43102 | I52: 0.0625 | J52: 3 | K52: =[1]Лист1!$J52+[2]Лист1!$J52 -> 21.72 | O52: 43467 | P52: 0.0625 | Q52: 3 | R52: =[1]Лист1!$P52+[2]Лист1!$P52 -> 18.36
A53: 43048 | B53: 0.083333333 | C53: 4 | D53: =[1]Лист1!$D53+[2]Лист1!$D53 -> 0 | H53: 43102 | I53: 0.083333333 | J53: 4 | K53: =[1]Лист1!$J53+[2]Лист1!$J53 -> 18.8 | O53: 43467 | P53: 0.083333333 | Q53: 4 | R53: =[1]Лист1!$P53+[2]Лист1!$P53 -> 16.76
A54: 43048 | B54: 0.10416667 | C54: 5 | D54: =[1]Лист1!$D54+[2]Лист1!$D54 -> 0 | H54: 43102 | I54: 0.10416667 | J54: 5 | K54: =[1]Лист1!$J54+[2]Лист1!$J54 -> 16.4 | O54: 43467 | P54: 0.10416667 | Q54: 5 | R54: =[1]Лист1!$P54+[2]Лист1!$P54 -> 16.28
A55: 43048 | B55: 0.125 | C55: 6 | D55: =[1]Лист1!$D55+[2]Лист1!$D55 -> 0 | H55: 43102 | I55: 0.125 | J55: 6 | K55: =[1]Лист1!$J55+[2]Лист1!$J55 -> 16.2 | O55: 43467 | P55: 0.125 | Q55: 6 | R55: =[1]Лист1!$P55+[2]Лист1!$P55 -> 15.16
A56: 43048 | B56: 0.14583333 | C56: 7 | D56: =[1]Лист1!$D56+[2]Лист1!$D56 -> 0 | H56: 43102 | I56: 0.14583333 | J56: 7 | K56: =[1]Лист1!$J56+[2]Лист1!$J56 -> 14.64 | O56: 43467 | P56: 0.14583333 | Q56: 7 | R56: =[1]Лист1!$P56+[2]Лист1!$P56 -> 14.48
A57: 43048 | B57: 0.16666667 | C57: 8 | D57: =[1]Лист1!$D57+[2]Лист1!$D57 -> 0 | H57: 43102 | I57: 0.16666667 | J57: 8 | K57: =[1]Лист1!$J57+[2]Лист1!$J57 -> 15.32 | O57: 43467 | P57: 0.16666667 | Q57: 8 | R57: =[1]Лист1!$P57+[2]Лист1!$P57 -> 13.44
A58: 43048 | B58: 0.1875 | C58: 9 | D58: =[1]Лист1!$D58+[2]Лист1!$D58 -> 0 | H58: 43102 | I58: 0.1875 | J58: 9 | K58: =[1]Лист1!$J58+[2]Лист1!$J58 -> 15.28 | O58: 43467 | P58: 0.1875 | Q58: 9 | R58: =[1]Лист1!$P58+[2]Лист1!$P58 -> 14.32
A59: 43048 | B59: 0.20833333 | C59: 10 | D59: =[1]Лист1!$D59+[2]Лист1!$D59 -> 0 | H59: 43102 | I59: 0.20833333 | J59: 10 | K59: =[1]Лист1!$J59+[2]Лист1!$J59 -> 15.04 | O59: 43467 | P59: 0.20833333 | Q59: 10 | R59: =[1]Лист1!$P59+[2]Лист1!$P59 -> 14.68
A60: 43048 | B60: 0.22916667 | C60: 11 | D60: =[1]Лист1!$D60+[2]Лист1!$D60 -> 0 | H60: 43102 | I60: 0.22916667 | J60: 11 | K60: =[1]Лист1!$J60+[2]Лист1!$J60 -> 14.16 | O60: 43467 | P60: 0.22916667 | Q60: 11 | R60: =[1]Лист1!$P60+[2]Лист1!$P60 -> 13.84
A61: 43048 | B61: 0.25 | C61: 12 | D61: =[1]Лист1!$D61+[2]Лист1!$D61 -> 0 | H61: 43102 | I61: 0.25 | J61: 12 | K61: =[1]Лист1!$J61+[2]Лист1!$J61 -> 14.68 | O61: 43467 | P61: 0.25 | Q61: 12 | R61: =[1]Лист1!$P61+[2]Лист1!$P61 -> 14.84
... A96: 43048 | B96: 0.97916667 | C96: 47 | D96: =[1]Лист1!$D96+[2]Лист1!$D96 -> 0 | H96: 43102 | I96: 0.97916667 | J96: 47 | K96: =[1]Лист1!$J96+[2]Лист1!$J96 -> 28.44 | O96: 43467 | P96: 0.97916667 | Q96: 47 | R96: =[1]Лист1!$P96+[2]Лист1!$P96 -> 28.64
A97: 43048 | B97: 24:00 | C97: 48 | D97: =[1]Лист1!$D97+[2]Лист1!$D97 -> 0 | H97: 43102 | I97: 24:00 | J97: 48 | K97: =[1]Лист1!$J97+[2]Лист1!$J97 -> 23.68 | O97: 43467 | P97: 24:00 | Q97: 48 | R97: =[1]Лист1!$P97+[2]Лист1!$P97 -> 26.4
A98: 43049 | B98: 0.020833333 | C98: 1 | D98: =[1]Лист1!$D98+[2]Лист1!$D98 -> 0 | H98: 43103 | I98: 0.020833333 | J98: 1 | K98: =[1]Лист1!$J98+[2]Лист1!$J98 -> 22.52 | O98: 43468 | P98: 0.020833333 | Q98: 1 | R98: =[1]Лист1!$P98+[2]Лист1!$P98 -> 22.96
A99: 43049 | B99: 0.041666667 | C99: 2 | D99: =[1]Лист1!$D99+[2]Лист1!$D99 -> 0 | H99: 43103 | I99: 0.041666667 | J99: 2 | K99: =[1]Лист1!$J99+[2]Лист1!$J99 -> 19.28 | O99: 43468 | P99: 0.041666667 | Q99: 2 | R99: =[1]Лист1!$P99+[2]Лист1!$P99 -> 22.48
A100: 43049 | B100: 0.0625 | C100: 3 | D100: =[1]Лист1!$D100+[2]Лист1!$D100 -> 0 | H100: 43103 | I100: 0.0625 | J100: 3 | K100: =[1]Лист1!$J100+[2]Лист1!$J100 -> 17.56 | O100: 43468 | P100: 0.0625 | Q100: 3 | R100: =[1]Лист1!$P100+[2]Лист1!$P100 -> 18.88
A101: 43049 | B101: 0.083333333 | C101: 4 | D101: =[1]Лист1!$D101+[2]Лист1!$D101 -> 0 | H101: 43103 | I101: 0.083333333 | J101: 4 | K101: =[1]Лист1!$J101+[2]Лист1!$J101 -> 16.6 | O101: 43468 | P101: 0.083333333 | Q101: 4 | R101: =[1]Лист1!$P101+[2]Лист1!$P101 -> 16.4
A102: 43049 | B102: 0.10416667 | C102: 5 | D102: =[1]Лист1!$D102+[2]Лист1!$D102 -> 0 | H102: 43103 | I102: 0.10416667 | J102: 5 | K102: =[1]Лист1!$J102+[2]Лист1!$J102 -> 15.96 | O102: 43468 | P102: 0.10416667 | Q102: 5 | R102: =[1]Лист1!$P102+[2]Лист1!$P102 -> 17.2
A103: 43049 | B103: 0.125 | C103: 6 | D103: =[1]Лист1!$D103+[2]Лист1!$D103 -> 0 | H103: 43103 | I103: 0.125 | J103: 6 | K103: =[1]Лист1!$J103+[2]Лист1!$J103 -> 14.76 | O103: 43468 | P103: 0.125 | Q103: 6 | R103: =[1]Лист1!$P103+[2]Лист1!$P103 -> 16.84
A104: 43049 | B104: 0.14583333 | C104: 7 | D104: =[1]Лист1!$D104+[2]Лист1!$D104 -> 0 | H104: 43103 | I104: 0.14583333 | J104: 7 | K104: =[1]Лист1!$J104+[2]Лист1!$J104 -> 14.04 | O104: 43468 | P104: 0.14583333 | Q104: 7 | R104: =[1]Лист1!$P104+[2]Лист1!$P104 -> 14.68
A105: 43049 | B105: 0.16666667 | C105: 8 | D105: =[1]Лист1!$D105+[2]Лист1!$D105 -> 0 | H105: 43103 | I105: 0.16666667 | J105: 8 | K105: =[1]Лист1!$J105+[2]Лист1!$J105 -> 13.92 | O105: 43468 | P105: 0.16666667 | Q105: 8 | R105: =[1]Лист1!$P105+[2]Лист1!$P105 -> 15.2
A106: 43049 | B106: 0.1875 | C106: 9 | D106: =[1]Лист1!$D106+[2]Лист1!$D106 -> 0 | H106: 43103 | I106: 0.1875 | J106: 9 | K106: =[1]Лист1!$J106+[2]Лист1!$J106 -> 12.88 | O106: 43468 | P106: 0.1875 | Q106: 9 | R106: =[1]Лист1!$P106+[2]Лист1!$P106 -> 14.48
A107: 43049 | B107: 0.20833333 | C107: 10 | D107: =[1]Лист1!$D107+[2]Лист1!$D107 -> 0 | H107: 43103 | I107: 0.20833333 | J107: 10 | K107: =[1]Лист1!$J107+[2]Лист1!$J107 -> 12.76 | O107: 43468 | P107: 0.20833333 | Q107: 10 | R107: =[1]Лист1!$P107+[2]Лист1!$P107 -> 13.8
A108: 43049 | B108: 0.22916667 | C108: 11 | D108: =[1]Лист1!$D108+[2]Лист1!$D108 -> 0 | H108: 43103 | I108: 0.22916667 | J108: 11 | K108: =[1]Лист1!$J108+[2]Лист1!$J108 -> 13.72 | O108: 43468 | P108: 0.22916667 | Q108: 11 | R108: =[1]Лист1!$P108+[2]Лист1!$P108 -> 14.6
A109: 43049 | B109: 0.25 | C109: 12 | D109: =[1]Лист1!$D109+[2]Лист1!$D109 -> 0 | H109: 43103 | I109: 0.25 | J109: 12 | K109: =[1]Лист1!$J109+[2]Лист1!$J109 -> 12.6 | O109: 43468 | P109: 0.25 | Q109: 12 | R109: =[1]Лист1!$P109+[2]Лист1!$P109 -> 15.08
... A144: 43049 | B144: 0.97916667 | C144: 47 | D144: =[1]Лист1!$D144+[2]Лист1!$D144 -> 0 | H144: 43103 | I144: 0.97916667 | J144: 47 | K144: =[1]Лист1!$J144+[2]Лист1!$J144 -> 30.76 | O144: 43468 | P144: 0.97916667 | Q144: 47 | R144: =[1]Лист1!$P144+[2]Лист1!$P144 -> 31.44
A145: 43049 | B145: 24:00 | C145: 48 | D145: =[1]Лист1!$D145+[2]Лист1!$D145 -> 0 | H145: 43103 | I145: 24:00 | J145: 48 | K145: =[1]Лист1!$J145+[2]Лист1!$J145 -> 28.24 | O145: 43468 | P145: 24:00 | Q145: 48 | R145: =[1]Лист1!$P145+[2]Лист1!$P145 -> 26.44
A146: 43050 | B146: 0.020833333 | C146: 1 | D146: =[1]Лист1!$D146+[2]Лист1!$D146 -> 22.4 | H146: 43104 | I146: 0.020833333 | J146: 1 | K146: =[1]Лист1!$J146+[2]Лист1!$J146 -> 24 | O146: 43469 | P146: 0.020833333 | Q146: 1 | R146: =[1]Лист1!$P146+[2]Лист1!$P146 -> 24.32
A147: 43050 | B147: 0.041666667 | C147: 2 | D147: =[1]Лист1!$D147+[2]Лист1!$D147 -> 19.84 | H147: 43104 | I147: 0.041666667 | J147: 2 | K147: =[1]Лист1!$J147+[2]Лист1!$J147 -> 20.64 | O147: 43469 | P147: 0.041666667 | Q147: 2 | R147: =[1]Лист1!$P147+[2]Лист1!$P147 -> 22.84
A148: 43050 | B148: 0.0625 | C148: 3 | D148: =[1]Лист1!$D148+[2]Лист1!$D148 -> 17.84 | H148: 43104 | I148: 0.0625 | J148: 3 | K148: =[1]Лист1!$J148+[2]Лист1!$J148 -> 20.16 | O148: 43469 | P148: 0.0625 | Q148: 3 | R148: =[1]Лист1!$P148+[2]Лист1!$P148 -> 19.28
A149: 43050 | B149: 0.083333333 | C149: 4 | D149: =[1]Лист1!$D149+[2]Лист1!$D149 -> 17.32 | H149: 43104 | I149: 0.083333333 | J149: 4 | K149: =[1]Лист1!$J149+[2]Лист1!$J149 -> 18.04 | O149: 43469 | P149: 0.083333333 | Q149: 4 | R149: =[1]Лист1!$P149+[2]Лист1!$P149 -> 19.04
A150: 43050 | B150: 0.10416667 | C150: 5 | D150: =[1]Лист1!$D150+[2]Лист1!$D150 -> 15.28 | H150: 43104 | I150: 0.10416667 | J150: 5 | K150: =[1]Лист1!$J150+[2]Лист1!$J150 -> 17.64 | O150: 43469 | P150: 0.10416667 | Q150: 5 | R150: =[1]Лист1!$P150+[2]Лист1!$P150 -> 17.36
A151: 43050 | B151: 0.125 | C151: 6 | D151: =[1]Лист1!$D151+[2]Лист1!$D151 -> 14.12 | H151: 43104 | I151: 0.125 | J151: 6 | K151: =[1]Лист1!$J151+[2]Лист1!$J151 -> 16.6 | O151: 43469 | P151: 0.125 | Q151: 6 | R151: =[1]Лист1!$P151+[2]Лист1!$P151 -> 14.44
A152: 43050 | B152: 0.14583333 | C152: 7 | D152: =[1]Лист1!$D152+[2]Лист1!$D152 -> 13.68 | H152: 43104 | I152: 0.14583333 | J152: 7 | K152: =[1]Лист1!$J152+[2]Лист1!$J152 -> 15.04 | O152: 43469 | P152: 0.14583333 | Q152: 7 | R152: =[1]Лист1!$P152+[2]Лист1!$P152 -> 13.8
A153: 43050 | B153: 0.16666667 | C153: 8 | D153: =[1]Лист1!$D153+[2]Лист1!$D153 -> 13.88 | H153: 43104 | I153: 0.16666667 | J153: 8 | K153: =[1]Лист1!$J153+[2]Лист1!$J153 -> 14.24 | O153: 43469 | P153: 0.16666667 | Q153: 8 | R153: =[1]Лист1!$P153+[2]Лист1!$P153 -> 14.28
A154: 43050 | B154: 0.1875 | C154: 9 | D154: =[1]Лист1!$D154+[2]Лист1!$D154 -> 13.28 | H154: 43104 | I154: 0.1875 | J154: 9 | K154: =[1]Лист1!$J154+[2]Лист1!$J154 -> 14 | O154: 43469 | P154: 0.1875 | Q154: 9 | R154: =[1]Лист1!$P154+[2]Лист1!$P154 -> 14.04
A155: 43050 | B155: 0.20833333 | C155: 10 | D155: =[1]Лист1!$D155+[2]Лист1!$D155 -> 13.36 | H155: 43104 | I155: 0.20833333 | J155: 10 | K155: =[1]Лист1!$J155+[2]Лист1!$J155 -> 13.8 | O155: 43469 | P155: 0.20833333 | Q155: 10 | R155: =[1]Лист1!$P155+[2]Лист1!$P155 -> 13.16
A156: 43050 | B156: 0.22916667 | C156: 11 | D156: =[1]Лист1!$D156+[2]Лист1!$D156 -> 13.64 | H156: 43104 | I156: 0.22916667 | J156: 11 | K156: =[1]Лист1!$J156+[2]Лист1!$J156 -> 13.88 | O156: 43469 | P156: 0.22916667 | Q156: 11 | R156: =[1]Лист1!$P156+[2]Лист1!$P156 -> 13.28
A157: 43050 | B157: 0.25 | C157: 12 | D157: =[1]Лист1!$D157+[2]Лист1!$D157 -> 12.88 | H157: 43104 | I157: 0.25 | J157: 12 | K157: =[1]Лист1!$J157+[2]Лист1!$J157 -> 14.16 | O157: 43469 | P157: 0.25 | Q157: 12 | R157: =[1]Лист1!$P157+[2]Лист1!$P157 -> 14.44
... A192: 43050 | B192: 0.97916667 | C192: 47 | D192: =[1]Лист1!$D192+[2]Лист1!$D192 -> 29.36 | H192: 43104 | I192: 0.97916667 | J192: 47 | K192: =[1]Лист1!$J192+[2]Лист1!$J192 -> 29.92 | O192: 43469 | P192: 0.97916667 | Q192: 47 | R192: =[1]Лист1!$P192+[2]Лист1!$P192 -> 29
A193: 43050 | B193: 24:00 | C193: 48 | D193: =[1]Лист1!$D193+[2]Лист1!$D193 -> 28.36 | H193: 43104 | I193: 24:00 | J193: 48 | K193: =[1]Лист1!$J193+[2]Лист1!$J193 -> 27.96 | O193: 43469 | P193: 24:00 | Q193: 48 | R193: =[1]Лист1!$P193+[2]Лист1!$P193 -> 27.24
A194: 43051 | B194: 0.020833333 | C194: 1 | D194: =[1]Лист1!$D194+[2]Лист1!$D194 -> 22.6 | H194: 43105 | I194: 0.020833333 | J194: 1 | K194: =[1]Лист1!$J194+[2]Лист1!$J194 -> 25.24 | O194: 43470 | P194: 0.020833333 | Q194: 1 | R194: =[1]Лист1!$P194+[2]Лист1!$P194 -> 25.96
A195: 43051 | B195: 0.041666667 | C195: 2 | D195: =[1]Лист1!$D195+[2]Лист1!$D195 -> 19.44 | H195: 43105 | I195: 0.041666667 | J195: 2 | K195: =[1]Лист1!$J195+[2]Лист1!$J195 -> 24.12 | O195: 43470 | P195: 0.041666667 | Q195: 2 | R195: =[1]Лист1!$P195+[2]Лист1!$P195 -> 21.08
A196: 43051 | B196: 0.0625 | C196: 3 | D196: =[1]Лист1!$D196+[2]Лист1!$D196 -> 18.08 | H196: 43105 | I196: 0.0625 | J196: 3 | K196: =[1]Лист1!$J196+[2]Лист1!$J196 -> 20.8 | O196: 43470 | P196: 0.0625 | Q196: 3 | R196: =[1]Лист1!$P196+[2]Лист1!$P196 -> 19.04
A197: 43051 | B197: 0.083333333 | C197: 4 | D197: =[1]Лист1!$D197+[2]Лист1!$D197 -> 17.96 | H197: 43105 | I197: 0.083333333 | J197: 4 | K197: =[1]Лист1!$J197+[2]Лист1!$J197 -> 20.68 | O197: 43470 | P197: 0.083333333 | Q197: 4 | R197: =[1]Лист1!$P197+[2]Лист1!$P197 -> 18.16
A198: 43051 | B198: 0.10416667 | C198: 5 | D198: =[1]Лист1!$D198+[2]Лист1!$D198 -> 16.24 | H198: 43105 | I198: 0.10416667 | J198: 5 | K198: =[1]Лист1!$J198+[2]Лист1!$J198 -> 19.2 | O198: 43470 | P198: 0.10416667 | Q198: 5 | R198: =[1]Лист1!$P198+[2]Лист1!$P198 -> 16.92
A199: 43051 | B199: 0.125 | C199: 6 | D199: =[1]Лист1!$D199+[2]Лист1!$D199 -> 14.28 | H199: 43105 | I199: 0.125 | J199: 6 | K199: =[1]Лист1!$J199+[2]Лист1!$J199 -> 17.6 | O199: 43470 | P199: 0.125 | Q199: 6 | R199: =[1]Лист1!$P199+[2]Лист1!$P199 -> 15.76
A200: 43051 | B200: 0.14583333 | C200: 7 | D200: =[1]Лист1!$D200+[2]Лист1!$D200 -> 13.52 | H200: 43105 | I200: 0.14583333 | J200: 7 | K200: =[1]Лист1!$J200+[2]Лист1!$J200 -> 16.04 | O200: 43470 | P200: 0.14583333 | Q200: 7 | R200: =[1]Лист1!$P200+[2]Лист1!$P200 -> 14.56
A201: 43051 | B201: 0.16666667 | C201: 8 | D201: =[1]Лист1!$D201+[2]Лист1!$D201 -> 13.72 | H201: 43105 | I201: 0.16666667 | J201: 8 | K201: =[1]Лист1!$J201+[2]Лист1!$J201 -> 15.4 | O201: 43470 | P201: 0.16666667 | Q201: 8 | R201: =[1]Лист1!$P201+[2]Лист1!$P201 -> 14.16
A202: 43051 | B202: 0.1875 | C202: 9 | D202: =[1]Лист1!$D202+[2]Лист1!$D202 -> 13.4 | H202: 43105 | I202: 0.1875 | J202: 9 | K202: =[1]Лист1!$J202+[2]Лист1!$J202 -> 13.32 | O202: 43470 | P202: 0.1875 | Q202: 9 | R202: =[1]Лист1!$P202+[2]Лист1!$P202 -> 14.16
A203: 43051 | B203: 0.20833333 | C203: 10 | D203: =[1]Лист1!$D203+[2]Лист1!$D203 -> 11.72 | H203: 43105 | I203: 0.20833333 | J203: 10 | K203: =[1]Лист1!$J203+[2]Лист1!$J203 -> 13.84 | O203: 43470 | P203: 0.20833333 | Q203: 10 | R203: =[1]Лист1!$P203+[2]Лист1!$P203 -> 14.04
A204: 43051 | B204: 0.22916667 | C204: 11 | D204: =[1]Лист1!$D204+[2]Лист1!$D204 -> 12.76 | H204: 43105 | I204: 0.22916667 | J204: 11 | K204: =[1]Лист1!$J204+[2]Лист1!$J204 -> 12.68 | O204: 43470 | P204: 0.22916667 | Q204: 11 | R204: =[1]Лист1!$P204+[2]Лист1!$P204 -> 12.8
A205: 43051 | B205: 0.25 | C205: 12 | D205: =[1]Лист1!$D205+[2]Лист1!$D205 -> 12.96 | H205: 43105 | I205: 0.25 | J205: 12 | K205: =[1]Лист1!$J205+[2]Лист1!$J205 -> 12.56 | O205: 43470 | P205: 0.25 | Q205: 12 | R205: =[1]Лист1!$P205+[2]Лист1!$P205 -> 13.32
... A240: 43051 | B240: 0.97916667 | C240: 47 | D240: =[1]Лист1!$D240+[2]Лист1!$D240 -> 30.76 | H240: 43105 | I240: 0.97916667 | J240: 47 | K240: =[1]Лист1!$J240+[2]Лист1!$J240 -> 30.24 | O240: 43470 | P240: 0.97916667 | Q240: 47 | R240: =[1]Лист1!$P240+[2]Лист1!$P240 -> 29.68
A241: 43051 | B241: 24:00 | C241: 48 | D241: =[1]Лист1!$D241+[2]Лист1!$D241 -> 26.48 | H241: 43105 | I241: 24:00 | J241: 48 | K241: =[1]Лист1!$J241+[2]Лист1!$J241 -> 27.76 | O241: 43470 | P241: 24:00 | Q241: 48 | R241: =[1]Лист1!$P241+[2]Лист1!$P241 -> 27.68
A242: 43052 | B242: 0.020833333 | C242: 1 | D242: =[1]Лист1!$D242+[2]Лист1!$D242 -> 23.6 | H242: 43106 | I242: 0.020833333 | J242: 1 | K242: =[1]Лист1!$J242+[2]Лист1!$J242 -> 24.16 | O242: 43471 | P242: 0.020833333 | Q242: 1 | R242: =[1]Лист1!$P242+[2]Лист1!$P242 -> 24.04
A243: 43052 | B243: 0.041666667 | C243: 2 | D243: =[1]Лист1!$D243+[2]Лист1!$D243 -> 22.36 | H243: 43106 | I243: 0.041666667 | J243: 2 | K243: =[1]Лист1!$J243+[2]Лист1!$J243 -> 22.96 | O243: 43471 | P243: 0.041666667 | Q243: 2 | R243: =[1]Лист1!$P243+[2]Лист1!$P243 -> 21.44
A244: 43052 | B244: 0.0625 | C244: 3 | D244: =[1]Лист1!$D244+[2]Лист1!$D244 -> 19.88 | H244: 43106 | I244: 0.0625 | J244: 3 | K244: =[1]Лист1!$J244+[2]Лист1!$J244 -> 20.8 | O244: 43471 | P244: 0.0625 | Q244: 3 | R244: =[1]Лист1!$P244+[2]Лист1!$P244 -> 18.28
A245: 43052 | B245: 0.083333333 | C245: 4 | D245: =[1]Лист1!$D245+[2]Лист1!$D245 -> 18.08 | H245: 43106 | I245: 0.083333333 | J245: 4 | K245: =[1]Лист1!$J245+[2]Лист1!$J245 -> 17.72 | O245: 43471 | P245: 0.083333333 | Q245: 4 | R245: =[1]Лист1!$P245+[2]Лист1!$P245 -> 16.24
A246: 43052 | B246: 0.10416667 | C246: 5 | D246: =[1]Лист1!$D246+[2]Лист1!$D246 -> 15.12 | H246: 43106 | I246: 0.10416667 | J246: 5 | K246: =[1]Лист1!$J246+[2]Лист1!$J246 -> 17.56 | O246: 43471 | P246: 0.10416667 | Q246: 5 | R246: =[1]Лист1!$P246+[2]Лист1!$P246 -> 16.44
A247: 43052 | B247: 0.125 | C247: 6 | D247: =[1]Лист1!$D247+[2]Лист1!$D247 -> 15.04 | H247: 43106 | I247: 0.125 | J247: 6 | K247: =[1]Лист1!$J247+[2]Лист1!$J247 -> 16.84 | O247: 43471 | P247: 0.125 | Q247: 6 | R247: =[1]Лист1!$P247+[2]Лист1!$P247 -> 14.6
A248: 43052 | B248: 0.14583333 | C248: 7 | D248: =[1]Лист1!$D248+[2]Лист1!$D248 -> 14.64 | H248: 43106 | I248: 0.14583333 | J248: 7 | K248: =[1]Лист1!$J248+[2]Лист1!$J248 -> 15.44 | O248: 43471 | P248: 0.14583333 | Q248: 7 | R248: =[1]Лист1!$P248+[2]Лист1!$P248 -> 14.52
A249: 43052 | B249: 0.16666667 | C249: 8 | D249: =[1]Лист1!$D249+[2]Лист1!$D249 -> 13.8 | H249: 43106 | I249: 0.16666667 | J249: 8 | K249: =[1]Лист1!$J249+[2]Лист1!$J249 -> 14.52 | O249: 43471 | P249: 0.16666667 | Q249: 8 | R249: =[1]Лист1!$P249+[2]Лист1!$P249 -> 13.4
A250: 43052 | B250: 0.1875 | C250: 9 | D250: =[1]Лист1!$D250+[2]Лист1!$D250 -> 13.12 | H250: 43106 | I250: 0.1875 | J250: 9 | K250: =[1]Лист1!$J250+[2]Лист1!$J250 -> 14.08 | O250: 43471 | P250: 0.1875 | Q250: 9 | R250: =[1]Лист1!$P250+[2]Лист1!$P250 -> 13.56
A251: 43052 | B251: 0.20833333 | C251: 10 | D251: =[1]Лист1!$D251+[2]Лист1!$D251 -> 13.28 | H251: 43106 | I251: 0.20833333 | J251: 10 | K251: =[1]Лист1!$J251+[2]Лист1!$J251 -> 13.52 | O251: 43471 | P251: 0.20833333 | Q251: 10 | R251: =[1]Лист1!$P251+[2]Лист1!$P251 -> 12.88
A252: 43052 | B252: 0.22916667 | C252: 11 | D252: =[1]Лист1!$D252+[2]Лист1!$D252 -> 14.04 | H252: 43106 | I252: 0.22916667 | J252: 11 | K252: =[1]Лист1!$J252+[2]Лист1!$J252 -> 13.52 | O252: 43471 | P252: 0.22916667 | Q252: 11 | R252: =[1]Лист1!$P252+[2]Лист1!$P252 -> 12.28
A253: 43052 | B253: 0.25 | C253: 12 | D253: =[1]Лист1!$D253+[2]Лист1!$D253 -> 15.72 | H253: 43106 | I253: 0.25 | J253: 12 | K253: =[1]Лист1!$J253+[2]Лист1!$J253 -> 13.64 | O253: 43471 | P253: 0.25 | Q253: 12 | R253: =[1]Лист1!$P253+[2]Лист1!$P253 -> 12.24
... A288: 43052 | B288: 0.97916667 | C288: 47 | D288: =[1]Лист1!$D288+[2]Лист1!$D288 -> 28.36 | H288: 43106 | I288: 0.97916667 | J288: 47 | K288: =[1]Лист1!$J288+[2]Лист1!$J288 -> 30.16 | O288: 43471 | P288: 0.97916667 | Q288: 47 | R288: =[1]Лист1!$P288+[2]Лист1!$P288 -> 27.4
A289: 43052 | B289: 24:00 | C289: 48 | D289: =[1]Лист1!$D289+[2]Лист1!$D289 -> 25.16 | H289: 43106 | I289: 24:00 | J289: 48 | K289: =[1]Лист1!$J289+[2]Лист1!$J289 -> 29.4 | O289: 43471 | P289: 24:00 | Q289: 48 | R289: =[1]Лист1!$P289+[2]Лист1!$P289 -> 27.08
A290: 43053 | B290: 0.020833333 | C290: 1 | D290: =[1]Лист1!$D290+[2]Лист1!$D290 -> 23.24 | H290: 43107 | I290: 0.020833333 | J290: 1 | K290: =[1]Лист1!$J290+[2]Лист1!$J290 -> 26.24 | O290: 43472 | P290: 0.020833333 | Q290: 1 | R290: =[1]Лист1!$P290+[2]Лист1!$P290 -> 26.24
A291: 43053 | B291: 0.041666667 | C291: 2 | D291: =[1]Лист1!$D291+[2]Лист1!$D291 -> 19.76 | H291: 43107 | I291: 0.041666667 | J291: 2 | K291: =[1]Лист1!$J291+[2]Лист1!$J291 -> 24.96 | O291: 43472 | P291: 0.041666667 | Q291: 2 | R291: =[1]Лист1!$P291+[2]Лист1!$P291 -> 22.24
A292: 43053 | B292: 0.0625 | C292: 3 | D292: =[1]Лист1!$D292+[2]Лист1!$D292 -> 17.92 | H292: 43107 | I292: 0.0625 | J292: 3 | K292: =[1]Лист1!$J292+[2]Лист1!$J292 -> 21.08 | O292: 43472 | P292: 0.0625 | Q292: 3 | R292: =[1]Лист1!$P292+[2]Лист1!$P292 -> 20.56
A293: 43053 | B293: 0.083333333 | C293: 4 | D293: =[1]Лист1!$D293+[2]Лист1!$D293 -> 16.44 | H293: 43107 | I293: 0.083333333 | J293: 4 | K293: =[1]Лист1!$J293+[2]Лист1!$J293 -> 20.88 | O293: 43472 | P293: 0.083333333 | Q293: 4 | R293: =[1]Лист1!$P293+[2]Лист1!$P293 -> 18.28
A294: 43053 | B294: 0.10416667 | C294: 5 | D294: =[1]Лист1!$D294+[2]Лист1!$D294 -> 16.88 | H294: 43107 | I294: 0.10416667 | J294: 5 | K294: =[1]Лист1!$J294+[2]Лист1!$J294 -> 18.04 | O294: 43472 | P294: 0.10416667 | Q294: 5 | R294: =[1]Лист1!$P294+[2]Лист1!$P294 -> 16.72
A295: 43053 | B295: 0.125 | C295: 6 | D295: =[1]Лист1!$D295+[2]Лист1!$D295 -> 14.92 | H295: 43107 | I295: 0.125 | J295: 6 | K295: =[1]Лист1!$J295+[2]Лист1!$J295 -> 16.92 | O295: 43472 | P295: 0.125 | Q295: 6 | R295: =[1]Лист1!$P295+[2]Лист1!$P295 -> 15.64
A296: 43053 | B296: 0.14583333 | C296: 7 | D296: =[1]Лист1!$D296+[2]Лист1!$D296 -> 13.36 | H296: 43107 | I296: 0.14583333 | J296: 7 | K296: =[1]Лист1!$J296+[2]Лист1!$J296 -> 15.64 | O296: 43472 | P296: 0.14583333 | Q296: 7 | R296: =[1]Лист1!$P296+[2]Лист1!$P296 -> 15.4
A297: 43053 | B297: 0.16666667 | C297: 8 | D297: =[1]Лист1!$D297+[2]Лист1!$D297 -> 14.12 | H297: 43107 | I297: 0.16666667 | J297: 8 | K297: =[1]Лист1!$J297+[2]Лист1!$J297 -> 15 | O297: 43472 | P297: 0.16666667 | Q297: 8 | R297: =[1]Лист1!$P297+[2]Лист1!$P297 -> 15.48
A298: 43053 | B298: 0.1875 | C298: 9 | D298: =[1]Лист1!$D298+[2]Лист1!$D298 -> 14.48 | H298: 43107 | I298: 0.1875 | J298: 9 | K298: =[1]Лист1!$J298+[2]Лист1!$J298 -> 15.8 | O298: 43472 | P298: 0.1875 | Q298: 9 | R298: =[1]Лист1!$P298+[2]Лист1!$P298 -> 14.72
A299: 43053 | B299: 0.20833333 | C299: 10 | D299: =[1]Лист1!$D299+[2]Лист1!$D299 -> 14.24 | H299: 43107 | I299: 0.20833333 | J299: 10 | K299: =[1]Лист1!$J299+[2]Лист1!$J299 -> 14.36 | O299: 43472 | P299: 0.20833333 | Q299: 10 | R299: =[1]Лист1!$P299+[2]Лист1!$P299 -> 13.04
A300: 43053 | B300: 0.22916667 | C300: 11 | D300: =[1]Лист1!$D300+[2]Лист1!$D300 -> 15.04 | H300: 43107 | I300: 0.22916667 | J300: 11 | K300: =[1]Лист1!$J300+[2]Лист1!$J300 -> 13.4 | O300: 43472 | P300: 0.22916667 | Q300: 11 | R300: =[1]Лист1!$P300+[2]Лист1!$P300 -> 12.8
A301: 43053 | B301: 0.25 | C301: 12 | D301: =[1]Лист1!$D301+[2]Лист1!$D301 -> 15.72 | H301: 43107 | I301: 0.25 | J301: 12 | K301: =[1]Лист1!$J301+[2]Лист1!$J301 -> 14.2 | O301: 43472 | P301: 0.25 | Q301: 12 | R301: =[1]Лист1!$P301+[2]Лист1!$P301 -> 13.56
... A336: 43053 | B336: 0.97916667 | C336: 47 | D336: =[1]Лист1!$D336+[2]Лист1!$D336 -> 29.96 | H336: 43107 | I336: 0.97916667 | J336: 47 | K336: =[1]Лист1!$J336+[2]Лист1!$J336 -> 29.08 | O336: 43472 | P336: 0.97916667 | Q336: 47 | R336: =[1]Лист1!$P336+[2]Лист1!$P336 -> 31.24
A337: 43053 | B337: 24:00 | C337: 48 | D337: =[1]Лист1!$D337+[2]Лист1!$D337 -> 25.56 | H337: 43107 | I337: 24:00 | J337: 48 | K337: =[1]Лист1!$J337+[2]Лист1!$J337 -> 27.36 | O337: 43472 | P337: 24:00 | Q337: 48 | R337: =[1]Лист1!$P337+[2]Лист1!$P337 -> 26.28
A338: 43054 | B338: 0.020833333 | C338: 1 | D338: =[1]Лист1!$D338+[2]Лист1!$D338 -> 23.16 | H338: 43108 | I338: 0.020833333 | J338: 1 | K338: =[1]Лист1!$J338+[2]Лист1!$J338 -> 24.52 | O338: 43473 | P338: 0.020833333 | Q338: 1 | R338: =[1]Лист1!$P338+[2]Лист1!$P338 -> 23.2
...
